Iter,Loss,ErrorLambda1,ErrorLambda2
1.000000000000000000e+00,2.288441807031631470e-01,1.000000000000000000e+02,2.212770308849790979e+01
2.000000000000000000e+00,2.049492746591567993e-01,1.000001649215619182e+02,2.212770308849790979e+01
3.000000000000000000e+00,1.918383091688156128e-01,1.000062037637690082e+02,2.212767383013737188e+01
4.000000000000000000e+00,1.904840320348739624e-01,1.000308942573610693e+02,2.212744707784318621e+01
5.000000000000000000e+00,1.890665292739868164e-01,1.000784537522122264e+02,2.212692774194360013e+01
6.000000000000000000e+00,1.789208054542541504e-01,1.004271239042282104e+02,2.212310221130300292e+01
7.000000000000000000e+00,1.564854085445404053e-01,1.019978828728199005e+02,2.210583246399429669e+01
8.000000000000000000e+00,1.401441544294357300e-01,1.021417297422885895e+02,2.210145102450343657e+01
9.000000000000000000e+00,1.328599452972412109e-01,1.027042564004659653e+02,2.209138614847769588e+01
1.000000000000000000e+01,1.234018802642822266e-01,1.030448338016867638e+02,2.207206831593119389e+01
1.100000000000000000e+01,1.171921193599700928e-01,1.033273901790380478e+02,2.206106717236816905e+01
1.200000000000000000e+01,1.079070866107940674e-01,1.036032207310199738e+02,2.203951107524036246e+01
1.300000000000000000e+01,9.457035362720489502e-02,1.042258795350790024e+02,2.199101534264539382e+01
1.400000000000000000e+01,7.961434125900268555e-02,1.050423678010702133e+02,2.194122492759652943e+01
1.500000000000000000e+01,1.105359867215156555e-01,1.035302769392728806e+02,2.198803830446045282e+01
1.600000000000000000e+01,7.463325560092926025e-02,1.045033529400825500e+02,2.195790219310429947e+01
1.700000000000000000e+01,7.082245498895645142e-02,1.037104666233062744e+02,2.199655248737757773e+01
1.800000000000000000e+01,6.209446117281913757e-02,1.016425967216491699e+02,2.208555642014010800e+01
1.900000000000000000e+01,4.488885775208473206e-02,9.626125469803810120e+01,2.231707051250261031e+01
2.000000000000000000e+01,4.793160408735275269e-02,9.360842928290367126e+01,2.243366507925431819e+01
2.100000000000000000e+01,3.904975578188896179e-02,9.500451982021331787e+01,2.237231761179217315e+01
2.200000000000000000e+01,7.056584954261779785e-02,9.368018507957458496e+01,2.243851465251381327e+01
2.300000000000000000e+01,3.648289293050765991e-02,9.470080509781837463e+01,2.238749538632227143e+01
2.400000000000000000e+01,3.396686166524887085e-02,9.372534230351448059e+01,2.243799531661422719e+01
2.500000000000000000e+01,3.417465463280677795e-02,9.356854632496833801e+01,2.246994544632385526e+01
2.600000000000000000e+01,3.284264728426933289e-02,9.364877268671989441e+01,2.245359733737215890e+01
2.700000000000000000e+01,3.189863264560699463e-02,9.224149435758590698e+01,2.256611036282853888e+01
2.800000000000000000e+01,2.993577346205711365e-02,9.282792210578918457e+01,2.251924578383367503e+01
2.900000000000000000e+01,2.573749795556068420e-02,9.249641224741935730e+01,2.258032992605095757e+01
3.000000000000000000e+01,1.928837597370147705e-02,9.381587505340576172e+01,2.268470181268709851e+01
3.100000000000000000e+01,1.886839233338832855e-02,9.473971351981163025e+01,2.264733888627758063e+01
3.200000000000000000e+01,1.705480925738811493e-02,9.629977717995643616e+01,2.254908931158442442e+01
3.300000000000000000e+01,1.615962758660316467e-02,9.703778401017189026e+01,2.254078725178121445e+01
3.400000000000000000e+01,1.576938107609748840e-02,9.785027522593736649e+01,2.252445377200978527e+01
3.500000000000000000e+01,1.535107009112834930e-02,9.867134457454085350e+01,2.250664274503108686e+01
3.600000000000000000e+01,1.468335464596748352e-02,9.935211502015590668e+01,2.248443564938126471e+01
3.700000000000000000e+01,1.262439507991075516e-02,1.007631358690559864e+02,2.242882282058495491e+01
3.800000000000000000e+01,1.041183806955814362e-02,1.011765480041503906e+02,2.237102292933828096e+01
3.900000000000000000e+01,7.772632408887147903e-03,1.006619331426918507e+02,2.234444170878773406e+01
4.000000000000000000e+01,7.825993932783603668e-03,9.921385953202843666e+01,2.227976610281417180e+01
4.100000000000000000e+01,5.967242643237113953e-03,9.993900699773803353e+01,2.231214047875162620e+01
4.200000000000000000e+01,6.738785654306411743e-03,1.007448570337146521e+02,2.226093103321657551e+01
4.300000000000000000e+01,5.545966792851686478e-03,1.002745840931311250e+02,2.229084039227854319e+01
4.400000000000000000e+01,5.190866068005561829e-03,1.000190598424524069e+02,2.231062635859368370e+01
4.500000000000000000e+01,4.193384200334548950e-03,1.003564444137737155e+02,2.231677792889720990e+01
4.600000000000000000e+01,3.462735563516616821e-03,1.006757958326488733e+02,2.232073512216023659e+01
4.700000000000000000e+01,2.862854860723018646e-03,1.007867179811000824e+02,2.233185329916542017e+01
4.800000000000000000e+01,3.011565655469894409e-03,1.005192596465349197e+02,2.234422227108368375e+01
4.900000000000000000e+01,2.589724725112318993e-03,1.006488785147666931e+02,2.233821699258286131e+01
5.000000000000000000e+01,2.458148403093218803e-03,9.988802070729434490e+01,2.236887243983859364e+01
5.100000000000000000e+01,2.293589524924755096e-03,9.997273842454887927e+01,2.236502496542759033e+01
5.200000000000000000e+01,2.220262307673692703e-03,1.002717694733291864e+02,2.235776889201368078e+01
5.300000000000000000e+01,2.126655308529734612e-03,1.001705819624476135e+02,2.236565402017919979e+01
5.400000000000000000e+01,2.036058343946933746e-03,1.001015416346490383e+02,2.236854328328251995e+01
5.500000000000000000e+01,1.917261630296707153e-03,9.996103063458576798e+01,2.237187873638407254e+01
5.600000000000000000e+01,1.733962213620543480e-03,9.983111168257892132e+01,2.237324656473931483e+01
5.700000000000000000e+01,1.407125731930136681e-03,9.937933287583291531e+01,2.237679414095478236e+01
5.800000000000000000e+01,1.341779599897563457e-03,9.870181260630488396e+01,2.237835214865353706e+01
5.900000000000000000e+01,1.228709472343325615e-03,9.823825974017381668e+01,2.237735736439517709e+01
6.000000000000000000e+01,1.138571533374488354e-03,9.840694889426231384e+01,2.237773040849206296e+01
6.100000000000000000e+01,1.159310108050704002e-03,9.848816767334938049e+01,2.237535316669819352e+01
6.200000000000000000e+01,1.110306475311517715e-03,9.844142524525523186e+01,2.237672830964357118e+01
6.300000000000000000e+01,1.081706490367650986e-03,9.851886667311191559e+01,2.236550772837649959e+01
6.400000000000000000e+01,1.046192832291126251e-03,9.868433531373739243e+01,2.234447828173840733e+01
6.500000000000000000e+01,1.016617403365671635e-03,9.895944083109498024e+01,2.230973397859721530e+01
6.600000000000000000e+01,9.959118906408548355e-04,9.901246437802910805e+01,2.230725433254145784e+01
6.700000000000000000e+01,9.770676260814070702e-04,9.901160700246691704e+01,2.229888644142702958e+01
6.800000000000000000e+01,9.682723903097212315e-04,9.904719749465584755e+01,2.228895322802371837e+01
6.900000000000000000e+01,9.556688601151108742e-04,9.906637230888009071e+01,2.227934917117647728e+01
7.000000000000000000e+01,9.390861960127949715e-04,9.914680011570453644e+01,2.226449323861231733e+01
7.100000000000000000e+01,9.132165578193962574e-04,9.924022140912711620e+01,2.225318488226362845e+01
7.200000000000000000e+01,8.925000438466668129e-04,9.936653133481740952e+01,2.224102071886914089e+01
7.300000000000000000e+01,8.903191192075610161e-04,9.945987081155180931e+01,2.224736246851617238e+01
7.400000000000000000e+01,8.831450249999761581e-04,9.941662708297371864e+01,2.224443663246217895e+01
7.500000000000000000e+01,8.771668653935194016e-04,9.937863238155841827e+01,2.225155372866352366e+01
7.600000000000000000e+01,8.729975670576095581e-04,9.937055064365267754e+01,2.225800519716258208e+01
7.700000000000000000e+01,8.663818589411675930e-04,9.937924183905124664e+01,2.226842117351480610e+01
7.800000000000000000e+01,8.536507957614958286e-04,9.942627572454512119e+01,2.227802523036204363e+01
7.900000000000000000e+01,8.158189011737704277e-04,9.957612510770559311e+01,2.229499507947521764e+01
8.000000000000000000e+01,7.464924710802733898e-04,9.980835514143109322e+01,2.231351562169700387e+01
8.100000000000000000e+01,6.448337226174771786e-04,1.000563224079087377e+02,2.233585437996925904e+01
8.200000000000000000e+01,5.839788937009871006e-04,1.001272568944841623e+02,2.234577296419229953e+01
8.300000000000000000e+01,5.616605631075799465e-04,1.000695298193022609e+02,2.233880947438379394e+01
8.400000000000000000e+01,5.504555883817374706e-04,1.000592649215832353e+02,2.231581240299939140e+01
8.500000000000000000e+01,5.453026387840509415e-04,1.000105842977063730e+02,2.230778098303117574e+01
8.600000000000000000e+01,5.409206496551632881e-04,1.000759032787755132e+02,2.230184885043169984e+01
8.700000000000000000e+01,5.375113105401396751e-04,1.001367426826618612e+02,2.229721871487625151e+01
8.800000000000000000e+01,5.337178008630871773e-04,1.001588694751262665e+02,2.229521451717926439e+01
8.900000000000000000e+01,5.292412824928760529e-04,1.001639375463128090e+02,2.229680909782869236e+01
9.000000000000000000e+01,5.271773552522063255e-04,1.001671233447268605e+02,2.229577042602952375e+01
9.100000000000000000e+01,5.239021265879273415e-04,1.001621264265850186e+02,2.229791360093907571e+01
9.200000000000000000e+01,5.185117479413747787e-04,1.001679533626884222e+02,2.229536080898196460e+01
9.300000000000000000e+01,5.055750370956957340e-04,1.001618372742086649e+02,2.229265441063202147e+01
9.400000000000000000e+01,4.848621611017733812e-04,1.001482279505580664e+02,2.229387594718456356e+01
9.500000000000000000e+01,4.601854016073048115e-04,1.001337257563136518e+02,2.229514137127791429e+01
9.600000000000000000e+01,4.625192086677998304e-04,1.001410614349879324e+02,2.231039960629949803e+01
9.700000000000000000e+01,4.499560745898634195e-04,1.001376018044538796e+02,2.230321667878694214e+01
9.800000000000000000e+01,4.215512890368700027e-04,1.001110410201363266e+02,2.232544571820717039e+01
9.900000000000000000e+01,4.136001807637512684e-04,1.001294430810958147e+02,2.233510829177549084e+01
1.000000000000000000e+02,4.300386935938149691e-04,1.001728463685140014e+02,2.236854328328251995e+01
1.010000000000000000e+02,4.078299389220774174e-04,1.001457576290704310e+02,2.234766744303726327e+01
1.020000000000000000e+02,4.016418533865362406e-04,1.001778079546056688e+02,2.235343865465376822e+01
1.030000000000000000e+02,3.973931889049708843e-04,1.001671614823862910e+02,2.235484305595968735e+01
1.040000000000000000e+02,3.966256626881659031e-04,1.001311369938775897e+02,2.236021196511876852e+01
1.050000000000000000e+02,3.961738548241555691e-04,1.001128630479797721e+02,2.235896117020568497e+01
1.060000000000000000e+02,3.959173918701708317e-04,1.001062094932422042e+02,2.235806879020921656e+01
1.070000000000000000e+02,3.953707928303629160e-04,1.000993597437627614e+02,2.235544285235075535e+01
1.080000000000000000e+02,3.944792260881513357e-04,1.001003805780783296e+02,2.235059327909125670e+01
1.090000000000000000e+02,3.931501414626836777e-04,1.001160863204859197e+02,2.234399551878950163e+01
1.100000000000000000e+02,3.920503659173846245e-04,1.001420394633896649e+02,2.234081367208078106e+01
1.110000000000000000e+02,3.909920051228255033e-04,1.001672491896897554e+02,2.234199863568264632e+01
1.120000000000000000e+02,3.894970577675849199e-04,1.001935315551236272e+02,2.234496104468731659e+01
1.130000000000000000e+02,3.862115554511547089e-04,1.002303144428879023e+02,2.235013977450288891e+01
1.140000000000000000e+02,3.795392403844743967e-04,1.002744377590715885e+02,2.235799564430786646e+01
1.150000000000000000e+02,3.670557052828371525e-04,1.003176496131345630e+02,2.236573448067068526e+01
1.160000000000000000e+02,3.485430497676134109e-04,1.003241403494030237e+02,2.236998425753910880e+01
1.170000000000000000e+02,3.395119274500757456e-04,1.002171789528802037e+02,2.238678587107918005e+01
1.180000000000000000e+02,3.394256345927715302e-04,1.001194015960209072e+02,2.236776793672821029e+01
1.190000000000000000e+02,3.266897692810744047e-04,1.001666896161623299e+02,2.237694774734762149e+01
1.200000000000000000e+02,3.253065224271267653e-04,1.001249951077625155e+02,2.237642841144803540e+01
1.210000000000000000e+02,3.221785591449588537e-04,1.001241176156327128e+02,2.237579935669642595e+01
1.220000000000000000e+02,3.213974996469914913e-04,1.001244527986273170e+02,2.237861547389839600e+01
1.230000000000000000e+02,3.202777006663382053e-04,1.001233605667948723e+02,2.238408678731936874e+01
1.240000000000000000e+02,3.185918030794709921e-04,1.001223852392286062e+02,2.239401268613254814e+01
1.250000000000000000e+02,3.154199512209743261e-04,1.001360827474854887e+02,2.240436283117355387e+01
1.260000000000000000e+02,3.114248975180089474e-04,1.001243309583514929e+02,2.242637974747986718e+01
1.270000000000000000e+02,3.051727835554629564e-04,1.001365685253404081e+02,2.243725654301059436e+01
1.280000000000000000e+02,3.003231831826269627e-04,1.001383489230647683e+02,2.246613454486352524e+01
1.290000000000000000e+02,2.969582565128803253e-04,1.001377753796987236e+02,2.245681575703154920e+01
1.300000000000000000e+02,3.015084657818078995e-04,1.000690061424393207e+02,2.247660172334669682e+01
1.310000000000000000e+02,2.929001348093152046e-04,1.001052114879712462e+02,2.246617111781420206e+01
1.320000000000000000e+02,2.977958356495946646e-04,9.998581109102815390e+01,2.246428395355937369e+01
1.330000000000000000e+02,2.863621630240231752e-04,1.000523954106029123e+02,2.246535919830921912e+01
1.340000000000000000e+02,2.755196765065193176e-04,1.000225196039536968e+02,2.247900090891096880e+01
1.350000000000000000e+02,2.701897756196558475e-04,1.000213904466363601e+02,2.250708893502932284e+01
1.360000000000000000e+02,2.664138155523687601e-04,1.000217862456338480e+02,2.249722155293722281e+01
1.370000000000000000e+02,2.561842557042837143e-04,9.998970656597521156e+01,2.251074623009681730e+01
1.380000000000000000e+02,2.511109632905572653e-04,9.989510850282385945e+01,2.254720946191973141e+01
1.390000000000000000e+02,2.375009789830073714e-04,9.993185181519947946e+01,2.253306304459866283e+01
1.400000000000000000e+02,3.507335786707699299e-04,9.991740352706983685e+01,2.255961500678867182e+01
1.410000000000000000e+02,2.275955048389732838e-04,9.992831423296593130e+01,2.253955840063853344e+01
1.420000000000000000e+02,2.198497822973877192e-04,9.989953828044235706e+01,2.255067657764371702e+01
1.430000000000000000e+02,2.107689797412604094e-04,9.994382078875787556e+01,2.254946235568130675e+01
1.440000000000000000e+02,2.101877034874632955e-04,9.997844251920469105e+01,2.257674577688481321e+01
1.450000000000000000e+02,2.011716569541022182e-04,9.996304282685741782e+01,2.256460355726073175e+01
1.460000000000000000e+02,1.941612572409212589e-04,9.998401367920450866e+01,2.257630690147671260e+01
1.470000000000000000e+02,1.865011581685394049e-04,9.994771635392680764e+01,2.259236242682301210e+01
1.480000000000000000e+02,1.801085600163787603e-04,9.997909586818423122e+01,2.258128813735864071e+01
1.490000000000000000e+02,1.748637878336012363e-04,1.000203913368750364e+02,2.258992666830805973e+01
1.500000000000000000e+02,1.711149234324693680e-04,1.000142351840622723e+02,2.260052550941365723e+01
1.510000000000000000e+02,1.679301203694194555e-04,1.000167914113262668e+02,2.260163001252404058e+01
1.520000000000000000e+02,1.654867664910852909e-04,1.000429048057412729e+02,2.260506055529735292e+01
1.530000000000000000e+02,1.625931035960093141e-04,1.000405858503654599e+02,2.260325385153400646e+01
1.540000000000000000e+02,1.608885650057345629e-04,1.000527453958056867e+02,2.260469482579059886e+01
1.550000000000000000e+02,1.592690096003934741e-04,1.000769636360928416e+02,2.260756945971365184e+01
1.560000000000000000e+02,1.581662509124726057e-04,1.000836162827908993e+02,2.260306367219049761e+01
1.570000000000000000e+02,1.572939218021929264e-04,1.000910751172341406e+02,2.260288080743712413e+01
1.580000000000000000e+02,1.562621619086712599e-04,1.000846317561808974e+02,2.260221517973484140e+01
1.590000000000000000e+02,1.556650095153599977e-04,1.000815123494248837e+02,2.260181287727741761e+01
1.600000000000000000e+02,1.544938422739505768e-04,1.000807351898401976e+02,2.260233221317700014e+01
1.610000000000000000e+02,1.534268230898305774e-04,1.000952868897002190e+02,2.260461436529911694e+01
1.620000000000000000e+02,1.528090506326407194e-04,1.001189619884826243e+02,2.260775232446702532e+01
1.630000000000000000e+02,1.523699320387095213e-04,1.001437474973499775e+02,2.261074399183223704e+01
1.640000000000000000e+02,1.519335783086717129e-04,1.001674797385931015e+02,2.261354547985393637e+01
1.650000000000000000e+02,1.513984752818942070e-04,1.001852560322731733e+02,2.261639085541644789e+01
1.660000000000000000e+02,1.510508300270885229e-04,1.001866730162873864e+02,2.261790497557439039e+01
1.670000000000000000e+02,1.507527922512963414e-04,1.001757288817316294e+02,2.261794154852506367e+01
1.680000000000000000e+02,1.504774118075147271e-04,1.001614215201698244e+02,2.261775868377168663e+01
1.690000000000000000e+02,1.503413805039599538e-04,1.001521601690910757e+02,2.261723934787210766e+01
1.700000000000000000e+02,1.502972882008180022e-04,1.001553963054902852e+02,2.261779525672236346e+01
1.710000000000000000e+02,1.502617087680846453e-04,1.001580385607667267e+02,2.261819755917979080e+01
1.720000000000000000e+02,1.501989172538742423e-04,1.001633742242120206e+02,2.261908262458612384e+01
1.730000000000000000e+02,1.500906073488295078e-04,1.001674406696110964e+02,2.262034073408933921e+01
1.740000000000000000e+02,1.498123747296631336e-04,1.001730533665977418e+02,2.262292278440699178e+01
1.750000000000000000e+02,1.491221482865512371e-04,1.001768864924088120e+02,2.262834289569701696e+01
1.760000000000000000e+02,1.472779404139146209e-04,1.001749518327414989e+02,2.264126046187540808e+01
1.770000000000000000e+02,1.484640670241788030e-04,1.001487983274273574e+02,2.266471103784817487e+01
1.780000000000000000e+02,1.456976315239444375e-04,1.001611779094673693e+02,2.265361480461340093e+01
1.790000000000000000e+02,1.430612901458516717e-04,1.001383469556458294e+02,2.266640802275949440e+01
1.800000000000000000e+02,1.406455558026209474e-04,1.001275479677133262e+02,2.266261175047943510e+01
1.810000000000000000e+02,1.394014252582564950e-04,1.001107497140765190e+02,2.266389911834319193e+01
1.820000000000000000e+02,1.392825797665864229e-04,1.000895960256457329e+02,2.265715506623873665e+01
1.830000000000000000e+02,1.374369021505117416e-04,1.000999425887130201e+02,2.266046857556988314e+01
1.840000000000000000e+02,1.350440725218504667e-04,1.000995252863503993e+02,2.266696393160975020e+01
1.850000000000000000e+02,1.344343909295275807e-04,1.000875467434525490e+02,2.267784072714048094e+01
1.860000000000000000e+02,1.333043619524687529e-04,1.000921550439670682e+02,2.267367141076353576e+01
1.870000000000000000e+02,1.323254691669717431e-04,1.000942526210565120e+02,2.268192958302593709e+01
1.880000000000000000e+02,1.294870162382721901e-04,1.000507476739585400e+02,2.268174671827256361e+01
1.890000000000000000e+02,1.306922058574855328e-04,1.000137709226692095e+02,2.267378844420569806e+01
1.900000000000000000e+02,1.282831653952598572e-04,1.000356811593519524e+02,2.267849904025262830e+01
1.910000000000000000e+02,1.268622872885316610e-04,1.000361289829015732e+02,2.268369971383860317e+01
1.920000000000000000e+02,1.331835228484123945e-04,1.000245024246396497e+02,2.270836451177378379e+01
1.930000000000000000e+02,1.254207018064334989e-04,1.000313941447529942e+02,2.269376458986434741e+01
1.940000000000000000e+02,1.282959128729999065e-04,1.000226020551053807e+02,2.270541673194938426e+01
1.950000000000000000e+02,1.241164427483454347e-04,1.000275790807791054e+02,2.269881897164762563e+01
1.960000000000000000e+02,1.213764262502081692e-04,1.000528158736415207e+02,2.270511683375384848e+01
1.970000000000000000e+02,1.220020349137485027e-04,1.000182075775228441e+02,2.271123914569683322e+01
1.980000000000000000e+02,1.201149643748067319e-04,1.000351868948200718e+02,2.270821090538094822e+01
1.990000000000000000e+02,1.189367758342996240e-04,9.997672945901285857e+01,2.271488181158406050e+01
2.000000000000000000e+02,1.172495540231466293e-04,9.998192743514664471e+01,2.272932812710065775e+01
2.010000000000000000e+02,1.225298474309965968e-04,1.000202365190489218e+02,2.272077737123285956e+01
2.020000000000000000e+02,1.161811378551647067e-04,9.999231052424875088e+01,2.272700940202786768e+01
2.030000000000000000e+02,1.150877942563965917e-04,9.999450039249495603e+01,2.272379829695860920e+01
2.040000000000000000e+02,1.142084220191463828e-04,9.999863105258555152e+01,2.272685579563503566e+01
2.050000000000000000e+02,1.124276823247782886e-04,9.998507761338260025e+01,2.273762287231373591e+01
2.060000000000000000e+02,1.112209210987202823e-04,9.997409257339313626e+01,2.273695724461144962e+01
2.070000000000000000e+02,1.114306651288643479e-04,9.995712298259604722e+01,2.273983187853450261e+01
2.080000000000000000e+02,1.103286704164929688e-04,9.996517564577516168e+01,2.273846405017925676e+01
2.090000000000000000e+02,1.085135882021859288e-04,9.997130252304486930e+01,2.274211403065661941e+01
2.100000000000000000e+02,1.079539651982486248e-04,9.996960163989569992e+01,2.274767311915920942e+01
2.110000000000000000e+02,1.076171465683728456e-04,9.997018158610444516e+01,2.274580058408465177e+01
2.120000000000000000e+02,1.089942379621788859e-04,9.997881382150808349e+01,2.274576401113397495e+01
2.130000000000000000e+02,1.067341945599764585e-04,9.997329935140442103e+01,2.274580058408465177e+01
2.140000000000000000e+02,1.065317192114889622e-04,9.996806147100869566e+01,2.275077450537644097e+01
2.150000000000000000e+02,1.061883958755061030e-04,9.997012432722840458e+01,2.274882150981040141e+01
2.160000000000000000e+02,1.059439673554152250e-04,9.995890492282342166e+01,2.275084033668765926e+01
2.170000000000000000e+02,1.058214984368532896e-04,9.995077941566705704e+01,2.275124995373521841e+01
2.180000000000000000e+02,1.055569737218320370e-04,9.994108232203871012e+01,2.275194483979804261e+01
2.190000000000000000e+02,1.054888853104785085e-04,9.992946814745664597e+01,2.275419041896948258e+01
2.200000000000000000e+02,1.053658197633922100e-04,9.992279131547547877e+01,2.275460003601704173e+01
2.210000000000000000e+02,1.052748848451301455e-04,9.991279774112626910e+01,2.275604101027363413e+01
2.220000000000000000e+02,1.051363506121560931e-04,9.989790219115093350e+01,2.275872546485317471e+01
2.230000000000000000e+02,1.048227277351543307e-04,9.987453212961554527e+01,2.276417483450374135e+01
2.240000000000000000e+02,1.043862866936251521e-04,9.984759688377380371e+01,2.277334733053301719e+01
2.250000000000000000e+02,1.041074574459344149e-04,9.983620772836729884e+01,2.278130560459988274e+01
2.260000000000000000e+02,1.037262263707816601e-04,9.982286090962588787e+01,2.279009774194214089e+01
2.270000000000000000e+02,1.034246670315042138e-04,9.982767145847901702e+01,2.278693783900382286e+01
2.280000000000000000e+02,1.030799176078289747e-04,9.986078238580375910e+01,2.278306842082241346e+01
2.290000000000000000e+02,1.028053447953425348e-04,9.986537432996556163e+01,2.278505798933912985e+01
2.300000000000000000e+02,1.027231919579207897e-04,9.987298555206507444e+01,2.278524085409250688e+01
2.310000000000000000e+02,1.026378449751064181e-04,9.987692562863230705e+01,2.278608934654816309e+01
2.320000000000000000e+02,1.023377699311822653e-04,9.988882769830524921e+01,2.278748643326394685e+01
2.330000000000000000e+02,1.019366973196156323e-04,9.989424931118264794e+01,2.279245303996560423e+01
2.340000000000000000e+02,1.013422443065792322e-04,9.990287375403568149e+01,2.279469861913704420e+01
2.350000000000000000e+02,1.009497354971244931e-04,9.988159348722547293e+01,2.280446359696725267e+01
2.360000000000000000e+02,1.003556390060111880e-04,9.985838988795876503e+01,2.280960575383215172e+01
2.370000000000000000e+02,9.991695696953684092e-05,9.984515521209686995e+01,2.281542816757960068e+01
2.380000000000000000e+02,9.963942284230142832e-05,9.982949949335306883e+01,2.282569053753898913e+01
2.390000000000000000e+02,9.922072786139324307e-05,9.983163601718842983e+01,2.282533212262237399e+01
2.400000000000000000e+02,9.871965448837727308e-05,9.983209900092333555e+01,2.282977939342444529e+01
2.410000000000000000e+02,9.845814201980829239e-05,9.981583780609071255e+01,2.283993935912194573e+01
2.420000000000000000e+02,9.833495278144255280e-05,9.982099350308999419e+01,2.283672825405268370e+01
2.430000000000000000e+02,9.766423318069428205e-05,9.981429165927693248e+01,2.284034166157936951e+01
2.440000000000000000e+02,9.596467134542763233e-05,9.981297635240480304e+01,2.284975553908309820e+01
2.450000000000000000e+02,9.957529982784762979e-05,9.984345608390867710e+01,2.284511808893751450e+01
2.460000000000000000e+02,9.490533557254821062e-05,9.982316680252552032e+01,2.284821216056461424e+01
2.470000000000000000e+02,9.492157550994306803e-05,9.983354553114622831e+01,2.286134184985692031e+01
2.480000000000000000e+02,9.383210272062569857e-05,9.982861349126324058e+01,2.285508787529150609e+01
2.490000000000000000e+02,1.022026117425411940e-04,9.987326321424916387e+01,2.286564282885629140e+01
2.500000000000000000e+02,9.331192995887249708e-05,9.984184548957273364e+01,2.285821851986927911e+01
2.510000000000000000e+02,9.290884918300434947e-05,9.987950342474505305e+01,2.285464899988340548e+01
2.520000000000000000e+02,9.254469478037208319e-05,9.986805061344057322e+01,2.285571693004311200e+01
2.530000000000000000e+02,9.189243428409099579e-05,9.984167135553434491e+01,2.285597294069783914e+01
2.540000000000000000e+02,9.138240420725196600e-05,9.984849031316116452e+01,2.285788936331320542e+01
2.550000000000000000e+02,9.073049295693635941e-05,9.985173216555267572e+01,2.285814537396792900e+01
2.560000000000000000e+02,8.980260463431477547e-05,9.984282588120549917e+01,2.285780890282171995e+01
2.570000000000000000e+02,8.808002166915684938e-05,9.981439252151176333e+01,2.285678486020282207e+01
2.580000000000000000e+02,8.661272295285016298e-05,9.978046482428908348e+01,2.285273989185817456e+01
2.590000000000000000e+02,2.623226901050657034e-04,9.969642711803317070e+01,2.285034802088403083e+01
2.600000000000000000e+02,8.460802200715988874e-05,9.975359449163079262e+01,2.285196454530386490e+01
2.610000000000000000e+02,8.389550930587574840e-05,9.976093794684857130e+01,2.285218398300791520e+01
2.620000000000000000e+02,8.247273217421025038e-05,9.978551561944186687e+01,2.285122577170023206e+01
2.630000000000000000e+02,8.418997458647936583e-05,9.985197533387690783e+01,2.285101364858631712e+01
2.640000000000000000e+02,8.112694922601804137e-05,9.981093649985268712e+01,2.285115994038901377e+01
2.650000000000000000e+02,8.006409916561096907e-05,9.984443542780354619e+01,2.284298954320823327e+01
2.660000000000000000e+02,7.657585229026153684e-05,9.983770811231806874e+01,2.284195818599920003e+01
2.670000000000000000e+02,7.412870763801038265e-05,9.986941098468378186e+01,2.283552134668041234e+01
2.680000000000000000e+02,7.043946970952674747e-05,9.987644475186243653e+01,2.283419009127584332e+01
2.690000000000000000e+02,6.664888496743515134e-05,9.989583813585340977e+01,2.282414715902050517e+01
2.700000000000000000e+02,6.940442108316347003e-05,9.990304792299866676e+01,2.280508533712872676e+01
2.710000000000000000e+02,6.404372834367677569e-05,9.989943432155996561e+01,2.281465282102529102e+01
2.720000000000000000e+02,6.093382398830726743e-05,9.986946837743744254e+01,2.280810626285447640e+01
2.730000000000000000e+02,5.897177470615133643e-05,9.984135006088763475e+01,2.280125249189799419e+01
2.740000000000000000e+02,5.810433867736719549e-05,9.982110479613766074e+01,2.280055760583516999e+01
2.750000000000000000e+02,5.839915684191510081e-05,9.981179441092535853e+01,2.279458890028502083e+01
2.760000000000000000e+02,5.776442776550538838e-05,9.981686613755300641e+01,2.279783657830495613e+01
2.770000000000000000e+02,5.761369902756996453e-05,9.982020742027089000e+01,2.279668818765376415e+01
2.780000000000000000e+02,5.754300946136936545e-05,9.982192860916256905e+01,2.279731724240537005e+01
2.790000000000000000e+02,5.745845191995613277e-05,9.982019332237541676e+01,2.279790240961617087e+01
2.800000000000000000e+02,5.728358155465684831e-05,9.981142784235998988e+01,2.279853146436778033e+01
2.810000000000000000e+02,5.690501711796969175e-05,9.979914661962538958e+01,2.279838517256507657e+01
2.820000000000000000e+02,5.610359221464022994e-05,9.977128969039767981e+01,2.279543739274067704e+01
2.830000000000000000e+02,5.509692346095107496e-05,9.976080094929784536e+01,2.279025134833497290e+01
2.840000000000000000e+02,5.400466034188866615e-05,9.976620660163462162e+01,2.278306842082241346e+01
2.850000000000000000e+02,5.312085704645141959e-05,9.980018595233559608e+01,2.277606835806323105e+01
2.860000000000000000e+02,5.394927211455069482e-05,9.981972186360508204e+01,2.276440158679792347e+01
2.870000000000000000e+02,5.284927101456560194e-05,9.980755193391814828e+01,2.277169423316250985e+01
2.880000000000000000e+02,5.255735595710575581e-05,9.981593177653849125e+01,2.277043612365929093e+01
2.890000000000000000e+02,5.237052391748875380e-05,9.982691780896857381e+01,2.276760537727705014e+01
2.900000000000000000e+02,5.231492832535877824e-05,9.982708480674773455e+01,2.276609125711910764e+01
2.910000000000000000e+02,5.228081136010587215e-05,9.982599039794877172e+01,2.276476731630467398e+01
2.920000000000000000e+02,5.225375207373872399e-05,9.982304975856095552e+01,2.276329708368754368e+01
2.930000000000000000e+02,5.220307866693474352e-05,9.981997464783489704e+01,2.276207554713499803e+01
2.940000000000000000e+02,5.208885704632848501e-05,9.981629146495833993e+01,2.275846945419845113e+01
2.950000000000000000e+02,5.197065183892846107e-05,9.981631590053439140e+01,2.275644331273105792e+01
2.960000000000000000e+02,5.174810576136223972e-05,9.982350494246929884e+01,2.275173271668412411e+01
2.970000000000000000e+02,5.142950612935237586e-05,9.983683946775272489e+01,2.274771700670001806e+01
2.980000000000000000e+02,5.094308289699256420e-05,9.986067209392786026e+01,2.274148497590500639e+01
2.990000000000000000e+02,5.042554403189569712e-05,9.988156927283853292e+01,2.273809832067250980e+01
3.000000000000000000e+02,5.003259138902649283e-05,9.989260414149612188e+01,2.273710353641415338e+01
3.010000000000000000e+02,4.984566839993931353e-05,9.989093651529401541e+01,2.273806174772183653e+01
3.020000000000000000e+02,4.961021477356553078e-05,9.988498861202970147e+01,2.273835433132723338e+01
3.030000000000000000e+02,4.906997492071241140e-05,9.988060421310365200e+01,2.273787888296845949e+01
3.040000000000000000e+02,4.791234459844417870e-05,9.987901891581714153e+01,2.273338041003544063e+01
3.050000000000000000e+02,4.639024700736626983e-05,9.989946241257712245e+01,2.273246608626856968e+01
3.060000000000000000e+02,4.487397382035851479e-05,9.992735265986993909e+01,2.272575129252464876e+01
3.070000000000000000e+02,4.324822657508775592e-05,9.997766632004640996e+01,2.273249534462910759e+01
3.080000000000000000e+02,4.234915832057595253e-05,1.000052184594096616e+02,2.271908770091167540e+01
3.090000000000000000e+02,4.212625935906544328e-05,9.999905394288362004e+01,2.271720785124698594e+01
3.100000000000000000e+02,4.180034375167451799e-05,1.000062730490753893e+02,2.271565715813836661e+01
3.110000000000000000e+02,4.143101614317856729e-05,1.000236140855122358e+02,2.270839377013432525e+01
3.120000000000000000e+02,4.108374196221120656e-05,1.000182774761924520e+02,2.270279810868105841e+01
3.130000000000000000e+02,4.084508327650837600e-05,1.000129306616145186e+02,2.269557129362769032e+01
3.140000000000000000e+02,4.073535819770768285e-05,1.000001015316229314e+02,2.269513241821958971e+01
3.150000000000000000e+02,4.064594395458698273e-05,1.000035120621760143e+02,2.269246990741045522e+01
3.160000000000000000e+02,4.057447949890047312e-05,1.000129416861454956e+02,2.269100698938345673e+01
3.170000000000000000e+02,4.050357529195025563e-05,1.000229293218581006e+02,2.269015118233766515e+01
3.180000000000000000e+02,4.044137313030660152e-05,1.000328117283061147e+02,2.269011460938698832e+01
3.190000000000000000e+02,4.038908446091227233e-05,1.000334380776621401e+02,2.268886381447390477e+01
3.200000000000000000e+02,4.028968396596610546e-05,1.000288067531073466e+02,2.268842493906580771e+01
3.210000000000000000e+02,4.007011739304289222e-05,1.000190608421689831e+02,2.268723997546393889e+01
3.220000000000000000e+02,3.969881800003349781e-05,1.000072564085712656e+02,2.268624519120558247e+01
3.230000000000000000e+02,3.886389094986952841e-05,9.999351717560784891e+01,2.268075193401420364e+01
3.240000000000000000e+02,3.769718023249879479e-05,9.999424343877763022e+01,2.266850731012823417e+01
3.250000000000000000e+02,3.733154881047084928e-05,1.000333301723003387e+02,2.265641629263510026e+01
3.260000000000000000e+02,3.808947076322510839e-05,1.000461177463876083e+02,2.266169011212242523e+01
3.270000000000000000e+02,3.625814133556559682e-05,1.000392768852179870e+02,2.265888130951059054e+01
3.280000000000000000e+02,4.331958189141005278e-05,1.000474429922178388e+02,2.264465443169804004e+01
3.290000000000000000e+02,3.549380198819562793e-05,1.000415881891967729e+02,2.265486559952648449e+01
3.300000000000000000e+02,3.495451528578996658e-05,1.000597377715166658e+02,2.265084257495223952e+01
3.310000000000000000e+02,3.453453609836287796e-05,1.000787906174082309e+02,2.264217478564227903e+01
3.320000000000000000e+02,3.418881169636733830e-05,1.000987164909020066e+02,2.263137113601290196e+01
3.330000000000000000e+02,3.354471846250817180e-05,1.000955926429014653e+02,2.262938156749618557e+01
3.340000000000000000e+02,3.311608452349901199e-05,1.000997035531327128e+02,2.261583494656618853e+01
3.350000000000000000e+02,3.257764183217659593e-05,1.000841670902445912e+02,2.261100000248696062e+01
3.360000000000000000e+02,3.236767952330410480e-05,1.000723494449630380e+02,2.259830918860275517e+01
3.370000000000000000e+02,3.224309693905524909e-05,1.000622577499598265e+02,2.259771670680182254e+01
3.380000000000000000e+02,3.218284837203100324e-05,1.000681421312037855e+02,2.259634887844658024e+01
3.390000000000000000e+02,3.217315679648891091e-05,1.000751171144656837e+02,2.258956093880131277e+01
3.400000000000000000e+02,3.211344665032811463e-05,1.000718776369467378e+02,2.259273547091989442e+01
3.410000000000000000e+02,3.208082489436492324e-05,1.000718462571967393e+02,2.259147736141667906e+01
3.420000000000000000e+02,3.206556357326917350e-05,1.000733139982912689e+02,2.259018267896278687e+01
3.430000000000000000e+02,3.204712265869602561e-05,1.000756397785153240e+02,2.258815653749539365e+01
3.440000000000000000e+02,3.203402957296930254e-05,1.000759327202104032e+02,2.258782738093931641e+01
3.450000000000000000e+02,3.200359788024798036e-05,1.000749875034671277e+02,2.258745433684243409e+01
3.460000000000000000e+02,3.194724195054732263e-05,1.000716122100129724e+02,2.258992666830805973e+01
3.470000000000000000e+02,3.188674600096419454e-05,1.000643012637738138e+02,2.259324749222934514e+01
3.480000000000000000e+02,3.181600550306029618e-05,1.000575517420656979e+02,2.260081809301905764e+01
3.490000000000000000e+02,3.177467806381173432e-05,1.000566131318919361e+02,2.260229564022632331e+01
3.500000000000000000e+02,3.172344440827146173e-05,1.000530056597199291e+02,2.260745974086162846e+01
3.510000000000000000e+02,3.170497075188905001e-05,1.000523475522641093e+02,2.260819851446526130e+01
3.520000000000000000e+02,3.167437535012140870e-05,1.000505175907164812e+02,2.260993207232725055e+01
3.530000000000000000e+02,3.162879147566854954e-05,1.000504698720760643e+02,2.260971263462320380e+01
3.540000000000000000e+02,3.156767343170940876e-05,1.000514785759150982e+02,2.260789861626972552e+01
3.550000000000000000e+02,3.149815893266350031e-05,1.000542968919035047e+02,2.260394873759683065e+01
3.560000000000000000e+02,3.144652509945444763e-05,1.000549647549632937e+02,2.260247850497970035e+01
3.570000000000000000e+02,3.143623325740918517e-05,1.000583698449190706e+02,2.259977942121988903e+01
3.580000000000000000e+02,3.137730527669191360e-05,1.000536366191226989e+02,2.260281497612590940e+01
3.590000000000000000e+02,3.135608130833134055e-05,1.000501651549711823e+02,2.260479723005249042e+01
3.600000000000000000e+02,3.133135760435834527e-05,1.000436732923844829e+02,2.260546285775477315e+01
3.610000000000000000e+02,3.128898242721334100e-05,1.000420377880800515e+02,2.260830823331728467e+01
3.620000000000000000e+02,3.125552029814571142e-05,1.000425125588662922e+02,2.261207524723680251e+01
3.630000000000000000e+02,3.119117900496348739e-05,1.000457231042673811e+02,2.260977846593441853e+01
3.640000000000000000e+02,3.111725527560338378e-05,1.000457281887065619e+02,2.261107314838831073e+01
3.650000000000000000e+02,3.098577508353628218e-05,1.000455638510175049e+02,2.261457683706296962e+01
3.660000000000000000e+02,4.156061913818120956e-05,1.000356202683178708e+02,2.263594275484726737e+01
3.670000000000000000e+02,3.094522253377363086e-05,1.000425069592893124e+02,2.262115265359432215e+01
3.680000000000000000e+02,3.088547964580357075e-05,1.000436103262472898e+02,2.261878272639058807e+01
3.690000000000000000e+02,3.074992127949371934e-05,1.000392529094824567e+02,2.262697506734177466e+01
3.700000000000000000e+02,3.051794919883832335e-05,1.000362771737854928e+02,2.262989358880563273e+01
3.710000000000000000e+02,3.010279397130943835e-05,1.000410527311032638e+02,2.263218305551788490e+01
3.720000000000000000e+02,3.058122092625126243e-05,1.000473198393592611e+02,2.264564190136626110e+01
3.730000000000000000e+02,2.990430220961570740e-05,1.000437593873357400e+02,2.263801278385547278e+01
3.740000000000000000e+02,2.950278212665580213e-05,1.000547029776498675e+02,2.264273069449253839e+01
3.750000000000000000e+02,2.898642560467123985e-05,1.000618385383859277e+02,2.264984779069387955e+01
3.760000000000000000e+02,2.801085065584629774e-05,1.000609604583587497e+02,2.265685516804320088e+01
3.770000000000000000e+02,2.696868250495754182e-05,1.000675346876960248e+02,2.266150724736905175e+01
3.780000000000000000e+02,6.632062286371365190e-05,1.000910471542738378e+02,2.270681381866516801e+01
3.790000000000000000e+02,2.654705167515203357e-05,1.000741180207114667e+02,2.267419074666311829e+01
3.800000000000000000e+02,3.055326669709756970e-05,1.000820704852230847e+02,2.269159215659425755e+01
3.810000000000000000e+02,2.559750646469183266e-05,1.000766542274504900e+02,2.267975714975584722e+01
3.820000000000000000e+02,2.749586747086141258e-05,1.001158656668849289e+02,2.267864533205532851e+01
3.830000000000000000e+02,2.455022331560030580e-05,1.000922042177990079e+02,2.267931095975761124e+01
3.840000000000000000e+02,2.439624222461134195e-05,1.001259793178178370e+02,2.268454820629426294e+01
3.850000000000000000e+02,2.388181928836274892e-05,1.001118320971727371e+02,2.268233188548336088e+01
3.860000000000000000e+02,2.319689519936218858e-05,1.001143115572631359e+02,2.268470181268709851e+01
3.870000000000000000e+02,2.295147351105697453e-05,1.001283748890273273e+02,2.269479594707338066e+01
3.880000000000000000e+02,2.258355561934877187e-05,1.001228381181135774e+02,2.269081681003994788e+01
3.890000000000000000e+02,2.121094439644366503e-05,1.001489650807343423e+02,2.269045108053319737e+01
3.900000000000000000e+02,2.044355278485454619e-05,1.002282727044075727e+02,2.269339886035760046e+01
3.910000000000000000e+02,2.010496427828911692e-05,1.002039322396740317e+02,2.269246990741045522e+01
3.920000000000000000e+02,1.906759280245751143e-05,1.002587010152637959e+02,2.269118253954669839e+01
3.930000000000000000e+02,1.788974259397946298e-05,1.002851417521014810e+02,2.268830790562364896e+01
3.940000000000000000e+02,1.805659849196672440e-05,1.003140742890536785e+02,2.269040719299238873e+01
3.950000000000000000e+02,1.723535751807503402e-05,1.003000755328685045e+02,2.268938315037349085e+01
3.960000000000000000e+02,1.720353247947059572e-05,1.002909949747845531e+02,2.268657434776165260e+01
3.970000000000000000e+02,1.676653846516273916e-05,1.002953772665932775e+02,2.268794217611689845e+01
3.980000000000000000e+02,1.646599230298306793e-05,1.003372965380549431e+02,2.268499439629249892e+01
3.990000000000000000e+02,1.590457941347267479e-05,1.003369262907654047e+02,2.268606232645220544e+01
4.000000000000000000e+02,1.552463436382822692e-05,1.003326371777802706e+02,2.268514068809519912e+01
4.010000000000000000e+02,1.531354610051494092e-05,1.003506965935230255e+02,2.268237577302417307e+01
4.020000000000000000e+02,1.521887315902858973e-05,1.003495036391541362e+02,2.268181986417391371e+01
4.030000000000000000e+02,1.518459612270817161e-05,1.003645034972578287e+02,2.268247817728606108e+01
4.040000000000000000e+02,1.512392009317409247e-05,1.003710720688104630e+02,2.268163699942053668e+01
4.050000000000000000e+02,1.509104185970500112e-05,1.003767975838854909e+02,2.268122738237297753e+01
4.060000000000000000e+02,1.505005820945370942e-05,1.003855111077427864e+02,2.268145413466716320e+01
4.070000000000000000e+02,1.502117720519891009e-05,1.003924373071640730e+02,2.268211976236944949e+01
4.080000000000000000e+02,1.500726830272469670e-05,1.003932483959943056e+02,2.268293168187442888e+01
4.090000000000000000e+02,1.499861991760553792e-05,1.003971894737333059e+02,2.268326083843050611e+01
4.100000000000000000e+02,1.499496011092560366e-05,1.003971890546381474e+02,2.268329009679104402e+01
4.110000000000000000e+02,1.499281370342941955e-05,1.003983445465564728e+02,2.268314380498834382e+01
4.120000000000000000e+02,1.498812162026297301e-05,1.003990744240581989e+02,2.268296094023497034e+01
4.130000000000000000e+02,1.497460925747873262e-05,1.004031496588140726e+02,2.268247817728606108e+01
4.140000000000000000e+02,1.494773096055723727e-05,1.004054169636219740e+02,2.268171014532188678e+01
4.150000000000000000e+02,1.490108115831390023e-05,1.004108380991965532e+02,2.268089822581690385e+01
4.160000000000000000e+02,1.480166065448429435e-05,1.004171167500317097e+02,2.267934753270828807e+01
4.170000000000000000e+02,1.463080116081982851e-05,1.004251713398844004e+02,2.267750425599427189e+01
4.180000000000000000e+02,1.437912396795582026e-05,1.004311444237828255e+02,2.267514895797080499e+01
4.190000000000000000e+02,1.397587948304135352e-05,1.004404791165143251e+02,2.267374455666488586e+01
4.200000000000000000e+02,1.332031752099283040e-05,1.004468504805117846e+02,2.267186470700019285e+01
4.210000000000000000e+02,4.973947579856030643e-05,1.005462578032165766e+02,2.266054903606136861e+01
4.220000000000000000e+02,1.314671862928662449e-05,1.004690472967922688e+02,2.266931922963322066e+01
4.230000000000000000e+02,1.304557736148126423e-05,1.004615881014615297e+02,2.267016772208887687e+01
4.240000000000000000e+02,1.300149961025454104e-05,1.004919516853988171e+02,2.266935580258389393e+01
4.250000000000000000e+02,1.279027492273598909e-05,1.004775914363563061e+02,2.266972884668077981e+01
4.260000000000000000e+02,1.238605273101711646e-05,1.004748975858092308e+02,2.266445502719345484e+01
4.270000000000000000e+02,1.215513202623696998e-05,1.004829472862184048e+02,2.266076115917528355e+01
4.280000000000000000e+02,1.201896520797163248e-05,1.004774769302457571e+02,2.266013941901380946e+01
4.290000000000000000e+02,1.191628143715206534e-05,1.004740814212709665e+02,2.265538493542606702e+01
4.300000000000000000e+02,1.171405710920225829e-05,1.004720073193311691e+02,2.265556780017944050e+01
4.310000000000000000e+02,1.160029751190450042e-05,1.004736194852739573e+02,2.265464616182243418e+01
4.320000000000000000e+02,1.162305579782696441e-05,1.004652219824492931e+02,2.264966492594050607e+01
4.330000000000000000e+02,1.149952549894805998e-05,1.004691384267061949e+02,2.265199096560343150e+01
4.340000000000000000e+02,1.136834725912194699e-05,1.004678294528275728e+02,2.265073285610021259e+01
4.350000000000000000e+02,1.123128367908066139e-05,1.004626041278243065e+02,2.264959178003915952e+01
4.360000000000000000e+02,1.112652989831985906e-05,1.004571885801851749e+02,2.264184562908620535e+01
4.370000000000000000e+02,1.105039882531855255e-05,1.004590308293700218e+02,2.264450082530520447e+01
4.380000000000000000e+02,1.086086103896377608e-05,1.004665634129196405e+02,2.264140675367810474e+01
4.390000000000000000e+02,1.081336267816368490e-05,1.004700706806033850e+02,2.263919043286720267e+01
4.400000000000000000e+02,1.076500484487041831e-05,1.004743066616356373e+02,2.263955616237395319e+01
4.410000000000000000e+02,1.072077793651260436e-05,1.004812861792743206e+02,2.263845165926356984e+01
4.420000000000000000e+02,1.068342044163728133e-05,1.004831286147236824e+02,2.263826879451019281e+01
4.430000000000000000e+02,1.059027454175520688e-05,1.004834251012653112e+02,2.263863452401694687e+01
4.440000000000000000e+02,1.047340447257738560e-05,1.004828853998333216e+02,2.263992920647083906e+01
4.450000000000000000e+02,1.035365858115255833e-05,1.004840631037950516e+02,2.264140675367810474e+01
4.460000000000000000e+02,1.045040335156954825e-05,1.004788320511579514e+02,2.264929919643375555e+01
4.470000000000000000e+02,1.020128365780692548e-05,1.004816422238945961e+02,2.264505673415546383e+01
4.480000000000000000e+02,1.014472854876657948e-05,1.004782627802342176e+02,2.264531274481019096e+01
4.490000000000000000e+02,1.010197956929914653e-05,1.004852725658565760e+02,2.264886032102565849e+01
4.500000000000000000e+02,1.003052784653846174e-05,1.004825613927096128e+02,2.264749249267041620e+01
4.510000000000000000e+02,9.919665899360552430e-06,1.004883606918156147e+02,2.265051341839616583e+01
4.520000000000000000e+02,9.828545444179326296e-06,1.004851902835071087e+02,2.265113515855763993e+01
4.530000000000000000e+02,9.750008757691830397e-06,1.004796996247023344e+02,2.265504846427985441e+01
4.540000000000000000e+02,9.716704880702309310e-06,1.004727256484329700e+02,2.265785726689169266e+01
4.550000000000000000e+02,9.629851774661801755e-06,1.004624346736818552e+02,2.266404541014589213e+01
4.560000000000000000e+02,9.534574019198771566e-06,1.004664481151849031e+02,2.266389911834319193e+01
4.570000000000000000e+02,9.387204045196995139e-06,1.004669864196330309e+02,2.266847805176769626e+01
4.580000000000000000e+02,9.214243618771433830e-06,1.004651775583624840e+02,2.267448333026851870e+01
4.590000000000000000e+02,1.107380194298457354e-05,1.004521061200648546e+02,2.269505195772810424e+01
4.600000000000000000e+02,9.155667612503748387e-06,1.004615768324583769e+02,2.268015945221327101e+01
4.610000000000000000e+02,8.998908015200868249e-06,1.004555083345621824e+02,2.268539669874992271e+01
4.620000000000000000e+02,8.921876542444806546e-06,1.004407656379044056e+02,2.269609062952727285e+01
4.630000000000000000e+02,8.855356099957134575e-06,1.004394651390612125e+02,2.269292341199882657e+01
4.640000000000000000e+02,8.788812920101918280e-06,1.004319509956985712e+02,2.269778029984845347e+01
4.650000000000000000e+02,8.692921255715191364e-06,1.004278109874576330e+02,2.270069150672217972e+01
4.660000000000000000e+02,8.648948096379172057e-06,1.004238903522491455e+02,2.270305411933578199e+01
4.670000000000000000e+02,8.583772796555422246e-06,1.004140170756727457e+02,2.270883996013255768e+01
4.680000000000000000e+02,8.518667527823708951e-06,1.004069028422236443e+02,2.271286298470680265e+01
4.690000000000000000e+02,8.530717423127498478e-06,1.003901732619851828e+02,2.272479308121696562e+01
4.700000000000000000e+02,8.450564564554952085e-06,1.003976639825850725e+02,2.271945343041842591e+01
4.710000000000000000e+02,8.386476110899820924e-06,1.003948421217501163e+02,2.272185261598270145e+01
4.720000000000000000e+02,8.247137884609401226e-06,1.003956614993512630e+02,2.272575129252464876e+01
4.730000000000000000e+02,8.482953489874489605e-06,1.003889316227287054e+02,2.274082666279285903e+01
4.740000000000000000e+02,8.159289791365154088e-06,1.003926480654627085e+02,2.273249534462910759e+01
4.750000000000000000e+02,8.002122740435879678e-06,1.004070183727890253e+02,2.273681095280874942e+01
4.760000000000000000e+02,7.775630365358665586e-06,1.004121215082705021e+02,2.273960512624031693e+01
4.770000000000000000e+02,7.910961357993073761e-06,1.004094341769814491e+02,2.275316637635058470e+01
4.780000000000000000e+02,7.642994205525610596e-06,1.004107908345758915e+02,2.274631260539409894e+01
4.790000000000000000e+02,7.357285539910662919e-06,1.004078600089997053e+02,2.275762096174279137e+01
4.800000000000000000e+02,7.196570550149772316e-06,1.004062510095536709e+02,2.275647988568173119e+01
4.810000000000000000e+02,7.438534339598845690e-06,1.004110884387046099e+02,2.276417483450374135e+01
4.820000000000000000e+02,7.142625690903514624e-06,1.004078887403011322e+02,2.275909850895006059e+01
4.830000000000000000e+02,7.063814337016083300e-06,1.004107789136469364e+02,2.276211212008567131e+01
4.840000000000000000e+02,6.997785021667368710e-06,1.004108616616576910e+02,2.276775166907975034e+01
4.850000000000000000e+02,6.957362529647070915e-06,1.004135631956160069e+02,2.276764195022772341e+01
4.860000000000000000e+02,6.911981472512707114e-06,1.004196888301521540e+02,2.277047269660996420e+01
4.870000000000000000e+02,6.871006462461082265e-06,1.004309324081987143e+02,2.277592206626053084e+01
4.880000000000000000e+02,6.841468348284251988e-06,1.004352234303951263e+02,2.277666815445429904e+01
4.890000000000000000e+02,6.822346222179476172e-06,1.004379373509436846e+02,2.277927214854235771e+01
4.900000000000000000e+02,6.810018476244295016e-06,1.004383653402328491e+02,2.278085941460164676e+01
4.910000000000000000e+02,6.793764441681560129e-06,1.004379788879305124e+02,2.278299527492106336e+01
4.920000000000000000e+02,6.774824669264489785e-06,1.004358658101409674e+02,2.278299527492106336e+01
4.930000000000000000e+02,6.746947747160447761e-06,1.004387287423014641e+02,2.278417292393279681e+01
4.940000000000000000e+02,6.673809366475325078e-06,1.004411204252392054e+02,2.278166401951649433e+01
4.950000000000000000e+02,6.565146577486302704e-06,1.004472938831895590e+02,2.277640482920944009e+01
4.960000000000000000e+02,6.468655556091107428e-06,1.004519567359238863e+02,2.277220625447195701e+01
4.970000000000000000e+02,6.386715540429577231e-06,1.004546562675386667e+02,2.277136507660643261e+01
4.980000000000000000e+02,6.337355898722307757e-06,1.004561005625873804e+02,2.276840998219189771e+01
4.990000000000000000e+02,6.297343588812509552e-06,1.004552115686237812e+02,2.276612783006978091e+01
5.000000000000000000e+02,6.277643024077406153e-06,1.004532610531896353e+02,2.276138066107217384e+01
5.010000000000000000e+02,6.270670382946263999e-06,1.004553693346679211e+02,2.276174639057892435e+01
5.020000000000000000e+02,6.260950158321065828e-06,1.004575995262712240e+02,2.276185610943095128e+01
5.030000000000000000e+02,6.225054676178842783e-06,1.004635496065020561e+02,2.276082475222191803e+01
5.040000000000000000e+02,6.180658601806499064e-06,1.004703917074948549e+02,2.275894490255722502e+01
5.050000000000000000e+02,6.124289484432665631e-06,1.004769437015056610e+02,2.275596054978215221e+01
5.060000000000000000e+02,6.111590209911810234e-06,1.004856710322201252e+02,2.275809641010156525e+01
5.070000000000000000e+02,6.079605554987210780e-06,1.004809507634490728e+02,2.275972024911153468e+01
5.080000000000000000e+02,6.062741704226937145e-06,1.004851336590945721e+02,2.275924480075276080e+01
5.090000000000000000e+02,6.052327989891637117e-06,1.004890266805887222e+02,2.276086132517259131e+01
5.100000000000000000e+02,6.042289896868169308e-06,1.004919860512018204e+02,2.276225841188837506e+01
5.110000000000000000e+02,6.035508249624399468e-06,1.004903423134237528e+02,2.276380910499699084e+01
5.120000000000000000e+02,6.028024017723510042e-06,1.004866419360041618e+02,2.276435769925711483e+01
5.130000000000000000e+02,6.022557499818503857e-06,1.004825804848223925e+02,2.276480388925535081e+01
5.140000000000000000e+02,6.016813131282106042e-06,1.004792159888893366e+02,2.276432112630644156e+01
5.150000000000000000e+02,6.010028300806879997e-06,1.004767763428390026e+02,2.276377253204631756e+01
5.160000000000000000e+02,6.000319899612804875e-06,1.004750656895339489e+02,2.276296061254133463e+01
5.170000000000000000e+02,5.983720257063396275e-06,1.004734544549137354e+02,2.276303375844268118e+01
5.180000000000000000e+02,5.957330358796752989e-06,1.004701121244579554e+02,2.276402854270104115e+01
5.190000000000000000e+02,5.932915883022360504e-06,1.004657502286136150e+02,2.276701289547611751e+01
5.200000000000000000e+02,5.944834811089094728e-06,1.004576349630951881e+02,2.276690317662409413e+01
5.210000000000000000e+02,5.917589078308083117e-06,1.004618726205080748e+02,2.276697632252544068e+01
5.220000000000000000e+02,5.893730303796473891e-06,1.004623480141162872e+02,2.276745908547434993e+01
5.230000000000000000e+02,5.854722985532134771e-06,1.004645876586437225e+02,2.277084574070685008e+01
5.240000000000000000e+02,5.879872333025559783e-06,1.004656672477722168e+02,2.277282799463343110e+01
5.250000000000000000e+02,5.844403858645819128e-06,1.004649639129638672e+02,2.277154062676967428e+01
5.260000000000000000e+02,5.825039806950371712e-06,1.004696283489465714e+02,2.277434211479137360e+01
5.270000000000000000e+02,5.811299160995986313e-06,1.004699700977653265e+02,2.277489802364163296e+01
5.280000000000000000e+02,5.801041879749391228e-06,1.004721352364867926e+02,2.277673398576551378e+01
5.290000000000000000e+02,5.776965736004058272e-06,1.004802430048584938e+02,2.278118857115772400e+01
5.300000000000000000e+02,5.770592906628735363e-06,1.004794084466993809e+02,2.278524085409250688e+01
5.310000000000000000e+02,5.773455086455214769e-06,1.004753259476274252e+02,2.278679154720112265e+01
5.320000000000000000e+02,5.761072316090576351e-06,1.004774865694344044e+02,2.278597962769613972e+01
5.330000000000000000e+02,5.744572263211011887e-06,1.004780592396855354e+02,2.278763272506664705e+01
5.340000000000000000e+02,5.727797088184161112e-06,1.004775122739374638e+02,2.279374040782936106e+01
5.350000000000000000e+02,5.704463092115474865e-06,1.004744113422930241e+02,2.279610302044296333e+01
5.360000000000000000e+02,5.693122602679068223e-06,1.004714295733720064e+02,2.280586068368303643e+01
5.370000000000000000e+02,5.682178652932634577e-06,1.004724998492747545e+02,2.280236430959851290e+01
5.380000000000000000e+02,5.645211786031723022e-06,1.004705307073891163e+02,2.280710416400598461e+01
5.390000000000000000e+02,5.703141141566447914e-06,1.004690940026193857e+02,2.281885139576277410e+01
5.400000000000000000e+02,5.630624855257337913e-06,1.004699530545622110e+02,2.281182207464305023e+01
5.410000000000000000e+02,5.624376171908807009e-06,1.004764461889863014e+02,2.281697154609808464e+01
5.420000000000000000e+02,5.597121344180777669e-06,1.004734114278107882e+02,2.281608648069174805e+01
5.430000000000000000e+02,5.617670012725284323e-06,1.004683828447014093e+02,2.282249406164999783e+01
5.440000000000000000e+02,5.586290626524714753e-06,1.004713336005806923e+02,2.281874167691075073e+01
5.450000000000000000e+02,5.568834239966236055e-06,1.004701575729995966e+02,2.282204787165176540e+01
5.460000000000000000e+02,5.534082902158843353e-06,1.004689191002398729e+02,2.282977939342444529e+01
5.470000000000000000e+02,5.518749730981653556e-06,1.004686274100095034e+02,2.283617965979255970e+01
5.480000000000000000e+02,5.526666882360586897e-06,1.004692968912422657e+02,2.283599679503918622e+01
5.490000000000000000e+02,5.509900802280753851e-06,1.004689114168286324e+02,2.283610651389120960e+01
5.500000000000000000e+02,5.513215000974014401e-06,1.004680293146520853e+02,2.284056109928341982e+01
5.510000000000000000e+02,5.498468908626819029e-06,1.004684798885136843e+02,2.283827894716130302e+01
5.520000000000000000e+02,5.491215233632829040e-06,1.004693345166742802e+02,2.283927373141965944e+01
5.530000000000000000e+02,5.471028543979628012e-06,1.004723493941128254e+02,2.284070739108611647e+01
5.540000000000000000e+02,5.456245617097010836e-06,1.004729349631816149e+02,2.284250678025932402e+01
5.550000000000000000e+02,5.417461579781956971e-06,1.004717115778476000e+02,2.284541067254291491e+01
5.560000000000000000e+02,5.374064585339510813e-06,1.004661113489419222e+02,2.285230101645007394e+01
5.570000000000000000e+02,5.346423677110578865e-06,1.004579129163175821e+02,2.285207426415588827e+01
5.580000000000000000e+02,5.261926162347663194e-06,1.004567420110106468e+02,2.285288618366087121e+01
5.590000000000000000e+02,5.207521098782308400e-06,1.004516860935837030e+02,2.285453928103137855e+01
5.600000000000000000e+02,5.114588930155150592e-06,1.004435238894075155e+02,2.285611923250053934e+01
5.610000000000000000e+02,4.940148755849804729e-06,1.004330398049205542e+02,2.285660199544944504e+01
5.620000000000000000e+02,4.904716661258134991e-06,1.004219886381179094e+02,2.285155492825630574e+01
5.630000000000000000e+02,4.806530341738834977e-06,1.004266708623617887e+02,2.285369078857572234e+01
5.640000000000000000e+02,9.855843018158338964e-06,1.003959834109991789e+02,2.286796886851921684e+01
5.650000000000000000e+02,4.735520633403211832e-06,1.004189616534858942e+02,2.285726030856159596e+01
5.660000000000000000e+02,4.585107944876654074e-06,1.004253828898072243e+02,2.285821851986927911e+01
5.670000000000000000e+02,4.517229172051884234e-06,1.004323779139667749e+02,2.286020077379586013e+01
5.680000000000000000e+02,4.492896550800651312e-06,1.004329274408519268e+02,2.286197090460852621e+01
5.690000000000000000e+02,4.468577117222594097e-06,1.004337948746979237e+02,2.286171489395380263e+01
5.700000000000000000e+02,4.438521500560455024e-06,1.004338511731475592e+02,2.286362400197903710e+01
5.710000000000000000e+02,4.411432200868148357e-06,1.004334078170359135e+02,2.286593541246169181e+01
5.720000000000000000e+02,4.362122126622125506e-06,1.004276208113878965e+02,2.287230642046926476e+01
5.730000000000000000e+02,4.256537522451253608e-06,1.004170866683125496e+02,2.288638700647911861e+01
5.740000000000000000e+02,4.217621153657091781e-06,1.003972949925810099e+02,2.290285946346310908e+01
5.750000000000000000e+02,4.181488293397706002e-06,1.004043231718242168e+02,2.289701510594525402e+01
5.760000000000000000e+02,4.146544597460888326e-06,1.003813788993284106e+02,2.290933287573257360e+01
5.770000000000000000e+02,5.129720193508546799e-06,1.003553046146407723e+02,2.291165160080536722e+01
5.780000000000000000e+02,4.098505542060593143e-06,1.003758251899853349e+02,2.290980832409134749e+01
5.790000000000000000e+02,4.062370862811803818e-06,1.003803114173933864e+02,2.291329738358573564e+01
5.800000000000000000e+02,4.043788067065179348e-06,1.003859665477648377e+02,2.290716044246248373e+01
5.810000000000000000e+02,4.023936526209581643e-06,1.003740477608516812e+02,2.291403615718937203e+01
5.820000000000000000e+02,4.029115189041476697e-06,1.003688198281452060e+02,2.291642802816351221e+01
5.830000000000000000e+02,4.012968020106200129e-06,1.003716449951753020e+02,2.291514066029975538e+01
5.840000000000000000e+02,4.001993602287257090e-06,1.003727027913555503e+02,2.291657431996621241e+01
5.850000000000000000e+02,3.992091933469055220e-06,1.003703997470438480e+02,2.291892230339954395e+01
5.860000000000000000e+02,3.971783371525816619e-06,1.003621842013671994e+02,2.292810942860909051e+01
5.870000000000000000e+02,3.962090886489022523e-06,1.003637809306383133e+02,2.293050129958322714e+01
5.880000000000000000e+02,3.949541678593959659e-06,1.003593533532693982e+02,2.293616279234770872e+01
5.890000000000000000e+02,3.936434040952008218e-06,1.003553751157596707e+02,2.294130494921260777e+01
5.900000000000000000e+02,3.920029030268779024e-06,1.003544062841683626e+02,2.294336034904053534e+01
5.910000000000000000e+02,3.914872650057077408e-06,1.003540990874171257e+02,2.294542306345860183e+01
5.920000000000000000e+02,3.909080078301485628e-06,1.003547660075128078e+02,2.294537917591779319e+01
5.930000000000000000e+02,3.896293492289260030e-06,1.003565204329788685e+02,2.294464771690429572e+01
5.940000000000000000e+02,3.870100499625550583e-06,1.003635251661762595e+02,2.293998100839817411e+01
5.950000000000000000e+02,3.841505076707107946e-06,1.003678080393001437e+02,2.293730386840876889e+01
5.960000000000000000e+02,3.791531071328790858e-06,1.003683951683342457e+02,2.293836448397834005e+01
5.970000000000000000e+02,3.788960384554229677e-06,1.003694505663588643e+02,2.293674795955850954e+01
5.980000000000000000e+02,3.770988314499845728e-06,1.003689813660457730e+02,2.293745016021146554e+01
5.990000000000000000e+02,3.744090918189613149e-06,1.003606635378673673e+02,2.294240945232299111e+01
6.000000000000000000e+02,3.736348162419744767e-06,1.003579296171665192e+02,2.294050034429775664e+01
6.010000000000000000e+02,3.723973350133746862e-06,1.003579683136194944e+02,2.294232899183150209e+01
6.020000000000000000e+02,3.719420874404022470e-06,1.003583885263651609e+02,2.294325063018851196e+01
6.030000000000000000e+02,3.712693342095008120e-06,1.003609460312873125e+02,2.294270203592838797e+01
6.040000000000000000e+02,3.703315542225027457e-06,1.003652906510978937e+02,2.294052960265829810e+01
6.050000000000000000e+02,3.992936854047002271e-06,1.003594556823372841e+02,2.292539571566900847e+01
6.060000000000000000e+02,3.698243062899564393e-06,1.003644354408606887e+02,2.293832791102766677e+01
6.070000000000000000e+02,3.682628175738500431e-06,1.003678700886666775e+02,2.293494857038530199e+01
6.080000000000000000e+02,3.656839453469729051e-06,1.003708389587700367e+02,2.292936022352217051e+01
6.090000000000000000e+02,3.662161816464504227e-06,1.003758762264624238e+02,2.292307699059621839e+01
6.100000000000000000e+02,3.643678155640373006e-06,1.003734303405508399e+02,2.292612717468250594e+01
6.110000000000000000e+02,3.589998414099682122e-06,1.003734616329893470e+02,2.292557858042238195e+01
6.120000000000000000e+02,3.527685294102411717e-06,1.003813115879893303e+02,2.292028281716465088e+01
6.130000000000000000e+02,3.610956582633662038e-06,1.003845401573926210e+02,2.292447407731199860e+01
6.140000000000000000e+02,3.498198566376231611e-06,1.003824701299890876e+02,2.292178962273245801e+01
6.150000000000000000e+02,3.448295956332003698e-06,1.003870022250339389e+02,2.292020967126330078e+01
6.160000000000000000e+02,3.409555347388959490e-06,1.003910761792212725e+02,2.291877601159684374e+01
6.170000000000000000e+02,3.371325419720960781e-06,1.003958153072744608e+02,2.291719606012768651e+01
6.180000000000000000e+02,3.362845291121629998e-06,1.003973977640271187e+02,2.291664015127742715e+01
6.190000000000000000e+02,3.353237843839451671e-06,1.003992804791778326e+02,2.291631099472135347e+01
6.200000000000000000e+02,3.346202902321238071e-06,1.004011518321931362e+02,2.291609155701730316e+01
6.210000000000000000e+02,3.341185447425232269e-06,1.004033823963254690e+02,2.291583554636257958e+01
6.220000000000000000e+02,3.374691459612222388e-06,1.004050662741065025e+02,2.291756178963443702e+01
6.230000000000000000e+02,3.338035639899317175e-06,1.004037419799715281e+02,2.291620127586932654e+01
6.240000000000000000e+02,3.333289896545466036e-06,1.004045649897307158e+02,2.291557953570785244e+01
6.250000000000000000e+02,3.324782483105082065e-06,1.004049455281347036e+02,2.291495048095624654e+01
6.260000000000000000e+02,3.317235950817121193e-06,1.004021794535219669e+02,2.291436531374544572e+01
6.270000000000000000e+02,3.312422904855338857e-06,1.004002138040959835e+02,2.291333395653641247e+01
6.280000000000000000e+02,3.309182375232921913e-06,1.003989578690379858e+02,2.291245620572021480e+01
6.290000000000000000e+02,3.308143277536146343e-06,1.003985851071774960e+02,2.291209047621346429e+01
6.300000000000000000e+02,3.306475719000445679e-06,1.003994594793766737e+02,2.291160771326455503e+01
6.310000000000000000e+02,3.304161737105459906e-06,1.004002086352556944e+02,2.291086893966092219e+01
6.320000000000000000e+02,3.302654704384622164e-06,1.004013592842966318e+02,2.290951574048595063e+01
6.330000000000000000e+02,3.301358901808271185e-06,1.004019607324153185e+02,2.290859410212894076e+01
6.340000000000000000e+02,3.298844376331544481e-06,1.004026931710541248e+02,2.290701415065978352e+01
6.350000000000000000e+02,3.294590214864001609e-06,1.004033791366964579e+02,2.290418340427754273e+01
6.360000000000000000e+02,3.290442236902890727e-06,1.004038150887936354e+02,2.290234744215366192e+01
6.370000000000000000e+02,3.287294930487405509e-06,1.004037791397422552e+02,2.290120636609260174e+01
6.380000000000000000e+02,3.285658749518916011e-06,1.004043361172080040e+02,2.289984585232749481e+01
6.390000000000000000e+02,3.284942522441269830e-06,1.004046028945595026e+02,2.289944354987007102e+01
6.400000000000000000e+02,3.284582817286718637e-06,1.004048882052302361e+02,2.289863163036508809e+01
6.410000000000000000e+02,3.284046215412672609e-06,1.004049173556268215e+02,2.289837561971036095e+01
6.420000000000000000e+02,3.283486421423731372e-06,1.004049760755151510e+02,2.289811960905564092e+01
6.430000000000000000e+02,3.283214255134225823e-06,1.004049904644489288e+02,2.289815618200631420e+01
6.440000000000000000e+02,3.281836598034715280e-06,1.004054785240441561e+02,2.289797331725293716e+01
6.450000000000000000e+02,3.279527390986913815e-06,1.004068435169756413e+02,2.289753444184484010e+01
6.460000000000000000e+02,3.274225946370279416e-06,1.004103444982320070e+02,2.289602032168689760e+01
6.470000000000000000e+02,3.267111651439336129e-06,1.004158467520028353e+02,2.289307985645262988e+01
6.480000000000000000e+02,3.259108325437409803e-06,1.004200690891593695e+02,2.288999309941566906e+01
6.490000000000000000e+02,3.260714720454416238e-06,1.004258647561073303e+02,2.288561897451494431e+01
6.500000000000000000e+02,3.254706825828179717e-06,1.004230624530464411e+02,2.288775483483435735e+01
6.510000000000000000e+02,3.248185748816467822e-06,1.004237544722855091e+02,2.288730864483612848e+01
6.520000000000000000e+02,3.247140739404130727e-06,1.004258313216269016e+02,2.288796695794827585e+01
6.530000000000000000e+02,3.244950221414910629e-06,1.004257952794432640e+02,2.288848629384785838e+01
6.540000000000000000e+02,3.243428636778844520e-06,1.004276931285858154e+02,2.288811324975097250e+01
6.550000000000000000e+02,3.241808371967636049e-06,1.004310284275561571e+02,2.288790112663706111e+01
6.560000000000000000e+02,3.241790409447276033e-06,1.004331072326749563e+02,2.288711846549261608e+01
6.570000000000000000e+02,3.240428213757695630e-06,1.004337146878242493e+02,2.288667959008451547e+01
6.580000000000000000e+02,3.239570560253923759e-06,1.004345719236880541e+02,2.288528250336873526e+01
6.590000000000000000e+02,3.239593752368818969e-06,1.004341982305049896e+02,2.288484362796063465e+01
6.600000000000000000e+02,3.239336137994541787e-06,1.004343750886619091e+02,2.288506306566468496e+01
6.610000000000000000e+02,3.238662429794203490e-06,1.004360917955636978e+02,2.288381227075160140e+01
6.620000000000000000e+02,3.238784302084241062e-06,1.004363473504781723e+02,2.288326367649147741e+01
6.630000000000000000e+02,3.238874114686041139e-06,1.004361370112746954e+02,2.288370255189957447e+01
6.640000000000000000e+02,3.239139914512634277e-06,1.004360935185104609e+02,2.288381227075160140e+01
6.650000000000000000e+02,3.238723593312897719e-06,1.004360919818282127e+02,2.288381227075160140e+01
6.660000000000000000e+02,3.238662429794203490e-06,1.004360917955636978e+02,2.288381227075160140e+01
