Iter,Loss,L2
0.000000000000000000e+00,4.748104216465838689e+00,8.669937071699073128e-01
1.000000000000000000e+00,4.600237828622247171e+00,8.679188774557570207e-01
2.000000000000000000e+00,4.456159986094480274e+00,8.688615530708262424e-01
3.000000000000000000e+00,4.315845886525466746e+00,8.698203368326297147e-01
4.000000000000000000e+00,4.179269400663079281e+00,8.707941238253681382e-01
5.000000000000000000e+00,4.046379851169776387e+00,8.717819051488895354e-01
6.000000000000000000e+00,3.917134783684439014e+00,8.727827081748035232e-01
7.000000000000000000e+00,3.791489228917743759e+00,8.737955730584505698e-01
8.000000000000000000e+00,3.669396910421544256e+00,8.748195300658953011e-01
9.000000000000000000e+00,3.550810093545560875e+00,8.758535767448941689e-01
1.000000000000000000e+01,3.435680763872450250e+00,8.768967289262711295e-01
1.100000000000000000e+01,3.323959271899426859e+00,8.779479773252781838e-01
1.200000000000000000e+01,3.215593328496690440e+00,8.790063164829936548e-01
1.300000000000000000e+01,3.110533883639700292e+00,8.800707813481383202e-01
1.400000000000000000e+01,3.008727329232153025e+00,8.811403855201912494e-01
1.500000000000000000e+01,2.910120935480505544e+00,8.822141763625370725e-01
1.600000000000000000e+01,2.814661861768140483e+00,8.832912409661286546e-01
1.700000000000000000e+01,2.722296171229150907e+00,8.843706617447777418e-01
1.800000000000000000e+01,2.632969015180778527e+00,8.854515659272330641e-01
1.900000000000000000e+01,2.546625527947112833e+00,8.865330731702579792e-01
2.000000000000000000e+01,2.463211167273853697e+00,8.876143621416923146e-01
2.100000000000000000e+01,2.382669915156336415e+00,8.886945899500520163e-01
2.200000000000000000e+01,2.304945815979767776e+00,8.897729370654077208e-01
2.300000000000000000e+01,2.229983382896447708e+00,8.908486864721241183e-01
2.400000000000000000e+01,2.157724556346437339e+00,8.919209865592050424e-01
2.500000000000000000e+01,2.088113912114652138e+00,8.929891192274017619e-01
2.600000000000000000e+01,2.021095080827493451e+00,8.940523726112751257e-01
2.700000000000000000e+01,1.956609349717300272e+00,8.951100070100564965e-01
2.800000000000000000e+01,1.894600978096035782e+00,8.961613477235521596e-01
2.900000000000000000e+01,1.835011785229227588e+00,8.972057286064840653e-01
3.000000000000000000e+01,1.777785371650554946e+00,8.982424886777061745e-01
3.100000000000000000e+01,1.722863456331958476e+00,8.992710090749093110e-01
3.200000000000000000e+01,1.670188658103070267e+00,9.002906319654903067e-01
3.300000000000000000e+01,1.619704239881713193e+00,9.013008445021462034e-01
3.400000000000000000e+01,1.571351920601991470e+00,9.023009977073603860e-01
3.500000000000000000e+01,1.525075393650048294e+00,9.032905865527216527e-01
3.600000000000000000e+01,1.480817404279550553e+00,9.042690659840532108e-01
3.700000000000000000e+01,1.438520231957681528e+00,9.052358978988926941e-01
3.800000000000000000e+01,1.398128208652631876e+00,9.061906123471052954e-01
3.900000000000000000e+01,1.359584226971325194e+00,9.071327110386061543e-01
4.000000000000000000e+01,1.322831947597967739e+00,9.080617870186535878e-01
4.100000000000000000e+01,1.287815833242069052e+00,9.089774152787373218e-01
4.200000000000000000e+01,1.254480292047900125e+00,9.098791601527962403e-01
4.300000000000000000e+01,1.222770226470660138e+00,9.107666752731036208e-01
4.400000000000000000e+01,1.192630850104703821e+00,9.116395611859597903e-01
4.500000000000000000e+01,1.164008511611115182e+00,9.124975400806039083e-01
4.600000000000000000e+01,1.136848705817226080e+00,9.133402723695881464e-01
4.700000000000000000e+01,1.111099284408766596e+00,9.141675021968311832e-01
4.800000000000000000e+01,1.086707309355928741e+00,9.149789542621541427e-01
4.900000000000000000e+01,1.063621451876596735e+00,9.157743744632560468e-01
5.000000000000000000e+01,1.041790848419450466e+00,9.165535971420704087e-01
5.100000000000000000e+01,1.021164632266111649e+00,9.173164064498765535e-01
5.200000000000000000e+01,1.001694290503182927e+00,9.180626761498762445e-01
5.300000000000000000e+01,9.833308516995126203e-01,9.187922340524552478e-01
5.400000000000000000e+01,9.660267964128962381e-01,9.195049722383236146e-01
5.500000000000000000e+01,9.497353015264634601e-01,9.202008183552906617e-01
5.600000000000000000e+01,9.344112189111344335e-01,9.208796833086639877e-01
5.700000000000000000e+01,9.200093205802188923e-01,9.215415624729431654e-01
5.800000000000000000e+01,9.064860601421588227e-01,9.221863794119402602e-01
5.900000000000000000e+01,8.937991104702086576e-01,9.228141682919143163e-01
6.000000000000000000e+01,8.819069902093872315e-01,9.234249255961981540e-01
6.100000000000000000e+01,8.707692732985417017e-01,9.240186828715815093e-01
6.200000000000000000e+01,8.603470915489980220e-01,9.245955145425065469e-01
6.300000000000000000e+01,8.506021623414479205e-01,9.251554475593909421e-01
6.400000000000000000e+01,8.414977063253104017e-01,9.256985808409138317e-01
6.500000000000000000e+01,8.329983697396918796e-01,9.262250206476680958e-01
6.600000000000000000e+01,8.250696895073875714e-01,9.267348785654273557e-01
6.700000000000000000e+01,8.176786230331365424e-01,9.272282655603462098e-01
6.800000000000000000e+01,8.107932360485592405e-01,9.277053067733230796e-01
6.900000000000000000e+01,8.043827979323361355e-01,9.281661406492287547e-01
7.000000000000000000e+01,7.984179750187978541e-01,9.286109145952501365e-01
7.100000000000000000e+01,7.928704785372795438e-01,9.290397976117192869e-01
7.200000000000000000e+01,7.877133613636955189e-01,9.294529018828814326e-01
7.300000000000000000e+01,7.829208489289054551e-01,9.298504881122368060e-01
7.400000000000000000e+01,7.784682024432743042e-01,9.302326598952656012e-01
7.500000000000000000e+01,7.743321074175628649e-01,9.305996164185437181e-01
7.600000000000000000e+01,7.704902189779899713e-01,9.309515783446261628e-01
7.700000000000000000e+01,7.669214807198155848e-01,9.312887055003362669e-01
7.800000000000000000e+01,7.636056635209027554e-01,9.316112227827494374e-01
7.900000000000000000e+01,7.605238471002033762e-01,9.319193110190343576e-01
8.000000000000000000e+01,7.576582040965418319e-01,9.322132016349865546e-01
8.100000000000000000e+01,7.549917460220200160e-01,9.324931071887019307e-01
8.200000000000000000e+01,7.525086588435645485e-01,9.327592289829865768e-01
8.300000000000000000e+01,7.501939954966100332e-01,9.330117832666534605e-01
8.400000000000000000e+01,7.480336747086449023e-01,9.332509734183872530e-01
8.500000000000000000e+01,7.460146633434725505e-01,9.334770168659887180e-01
8.600000000000000000e+01,7.441247881162489364e-01,9.336901814061507876e-01
8.700000000000000000e+01,7.423524986399349102e-01,9.338906333060466025e-01
8.800000000000000000e+01,7.406871795475709064e-01,9.340786371984639569e-01
8.900000000000000000e+01,7.391190467023791566e-01,9.342543849961250091e-01
9.000000000000000000e+01,7.376388590139968393e-01,9.344181328202646464e-01
9.100000000000000000e+01,7.362382700428898863e-01,9.345701060876077104e-01
9.200000000000000000e+01,7.349093718204214865e-01,9.347105248745120054e-01
9.300000000000000000e+01,7.336449889833258631e-01,9.348396201533349936e-01
9.400000000000000000e+01,7.324385543258244979e-01,9.349576015212675006e-01
9.500000000000000000e+01,7.312839742705514734e-01,9.350647205072680768e-01
9.600000000000000000e+01,7.301757186257108456e-01,9.351612028078594152e-01
9.700000000000000000e+01,7.291087034015454327e-01,9.352472242831783023e-01
9.800000000000000000e+01,7.280783727811563910e-01,9.353230623741048966e-01
9.900000000000000000e+01,7.270805190575283516e-01,9.353888699990247080e-01
1.000000000000000000e+02,7.261113199852969879e-01,9.354449602030704414e-01
1.010000000000000000e+02,7.251674359666457903e-01,9.354914439451927910e-01
1.020000000000000000e+02,7.242457356964210335e-01,9.355285841622398291e-01
1.030000000000000000e+02,7.233434368257988245e-01,9.355566270852834210e-01
1.040000000000000000e+02,7.224580799865565339e-01,9.355756935134782459e-01
1.050000000000000000e+02,7.215875232944600759e-01,9.355860531487683041e-01
1.060000000000000000e+02,7.207297398842265057e-01,9.355878848516496760e-01
1.070000000000000000e+02,7.198829675125767436e-01,9.355813971801163476e-01
1.080000000000000000e+02,7.190457166523452903e-01,9.355667269766952954e-01
1.090000000000000000e+02,7.182166029185420575e-01,9.355441219436416711e-01
1.100000000000000000e+02,7.173945006893839293e-01,9.355137208136697913e-01
1.110000000000000000e+02,7.165782851495385852e-01,9.354757058812837034e-01
1.120000000000000000e+02,7.157671633350153328e-01,9.354303136928179274e-01
1.130000000000000000e+02,7.149603050725132913e-01,9.353776057926492804e-01
1.140000000000000000e+02,7.141570456303598657e-01,9.353178506935047043e-01
1.150000000000000000e+02,7.133568829375483977e-01,9.352511548746664793e-01
1.160000000000000000e+02,7.125592696570558493e-01,9.351776735919450356e-01
1.170000000000000000e+02,7.117638689801738527e-01,9.350975744041428728e-01
1.180000000000000000e+02,7.109702801108055414e-01,9.350109457966305770e-01
1.190000000000000000e+02,7.101783271599004799e-01,9.349180119820447166e-01
1.200000000000000000e+02,7.093877027345972808e-01,9.348187573034349995e-01
1.210000000000000000e+02,7.085982563415987867e-01,9.347134328896388178e-01
1.220000000000000000e+02,7.078098664893905934e-01,9.346020711304515727e-01
1.230000000000000000e+02,7.070223955046941455e-01,9.344847985348033736e-01
1.240000000000000000e+02,7.062358324721793590e-01,9.343618034145305673e-01
1.250000000000000000e+02,7.054500511549380848e-01,9.342330301405494808e-01
1.260000000000000000e+02,7.046650472326249082e-01,9.340988415521266353e-01
1.270000000000000000e+02,7.038808294918718067e-01,9.339591222512081403e-01
1.280000000000000000e+02,7.030973421274429036e-01,9.338141966230485425e-01
1.290000000000000000e+02,7.023146131043493945e-01,9.336641832472540870e-01
1.300000000000000000e+02,7.015326555677745546e-01,9.335091732215322624e-01
1.310000000000000000e+02,7.007515090776996747e-01,9.333494727058571083e-01
1.320000000000000000e+02,6.999711744698394744e-01,9.331851148010050778e-01
1.330000000000000000e+02,6.991916377358395884e-01,9.330163745263002628e-01
1.340000000000000000e+02,6.984129885940596472e-01,9.328433547021079963e-01
1.350000000000000000e+02,6.976352240180889730e-01,9.326662220377708312e-01
1.360000000000000000e+02,6.968583754038712996e-01,9.324851302548194942e-01
1.370000000000000000e+02,6.960824279135990889e-01,9.323002039484721282e-01
1.380000000000000000e+02,6.953075023485681960e-01,9.321116712891872602e-01
1.390000000000000000e+02,6.945335559217977739e-01,9.319195208501394045e-01
1.400000000000000000e+02,6.937605955620914644e-01,9.317239943986129758e-01
1.410000000000000000e+02,6.929887374926654298e-01,9.315251274179411345e-01
1.420000000000000000e+02,6.922178717182305707e-01,9.313230861076864375e-01
1.430000000000000000e+02,6.914480508775825429e-01,9.311179739412903666e-01
1.440000000000000000e+02,6.906793013534681114e-01,9.309098379117308752e-01
1.450000000000000000e+02,6.899116706369616825e-01,9.306988934735909158e-01
1.460000000000000000e+02,6.891451424289439798e-01,9.304851483503483456e-01
1.470000000000000000e+02,6.883796895847299480e-01,9.302687324932119584e-01
1.480000000000000000e+02,6.876153445397413799e-01,9.300497174044313198e-01
1.490000000000000000e+02,6.868521155033850967e-01,9.298281890436117525e-01
1.500000000000000000e+02,6.860899800787956249e-01,9.296042727672073624e-01
1.510000000000000000e+02,6.853289842728039760e-01,9.293779673656507034e-01
1.520000000000000000e+02,6.845691111040870247e-01,9.291494198208734012e-01
1.530000000000000000e+02,6.838102685184150875e-01,9.289186589013732620e-01
1.540000000000000000e+02,6.830525689806864476e-01,9.286857652307366484e-01
1.550000000000000000e+02,6.822959914563933026e-01,9.284508096626441498e-01
1.560000000000000000e+02,6.815405207575712110e-01,9.282138380021295321e-01
1.570000000000000000e+02,6.807860735049549028e-01,9.279749171573399291e-01
1.580000000000000000e+02,6.800327321943577807e-01,9.277340713573016817e-01
1.590000000000000000e+02,6.792804571505471900e-01,9.274913918486999975e-01
1.600000000000000000e+02,6.785293023415710501e-01,9.272469238570517636e-01
1.610000000000000000e+02,6.777791736966050085e-01,9.270006809477646659e-01
1.620000000000000000e+02,6.770301444860264972e-01,9.267527312857203325e-01
1.630000000000000000e+02,6.762821372741669723e-01,9.265031112932090585e-01
1.640000000000000000e+02,6.755351629599859464e-01,9.262518492655441582e-01
1.650000000000000000e+02,6.747892579952293746e-01,9.259989772936789709e-01
1.660000000000000000e+02,6.740443574673998794e-01,9.257445398033649075e-01
1.670000000000000000e+02,6.733005406217230648e-01,9.254885616437077411e-01
1.680000000000000000e+02,6.725577074441803083e-01,9.252310826183034465e-01
1.690000000000000000e+02,6.718158888872131085e-01,9.249721374913280059e-01
1.700000000000000000e+02,6.710751009340043538e-01,9.247117451739221838e-01
1.710000000000000000e+02,6.703353254242968573e-01,9.244499166151921576e-01
1.720000000000000000e+02,6.695965362607756433e-01,9.241866957320996612e-01
1.730000000000000000e+02,6.688587618183015060e-01,9.239221196906617362e-01
1.740000000000000000e+02,6.681219913640827901e-01,9.236561729660297537e-01
1.750000000000000000e+02,6.673861890582141188e-01,9.233888773114750093e-01
1.760000000000000000e+02,6.666513615879954280e-01,9.231202623062201296e-01
1.770000000000000000e+02,6.659175712575133854e-01,9.228503689203226834e-01
1.780000000000000000e+02,6.651847274218124495e-01,9.225791702516931148e-01
1.790000000000000000e+02,6.644528800077695863e-01,9.223067507631201867e-01
1.800000000000000000e+02,6.637219869643271597e-01,9.220330552929179024e-01
1.810000000000000000e+02,6.629920975517297199e-01,9.217581425059375722e-01
1.820000000000000000e+02,6.622632047955070433e-01,9.214820174158431243e-01
1.830000000000000000e+02,6.615351940751992288e-01,9.212046776600919529e-01
1.840000000000000000e+02,6.608081970442305497e-01,9.209261676287999743e-01
1.850000000000000000e+02,6.600821918585740855e-01,9.206464913060914412e-01
1.860000000000000000e+02,6.593571132708525573e-01,9.203656790043015512e-01
1.870000000000000000e+02,6.586330075007600371e-01,9.200837340332794767e-01
1.880000000000000000e+02,6.579098221183200534e-01,9.198006584548439335e-01
1.890000000000000000e+02,6.571875931696721240e-01,9.195164887140266918e-01
1.900000000000000000e+02,6.564663805952476450e-01,9.192311993630841727e-01
1.910000000000000000e+02,6.557460877255368858e-01,9.189448466979236452e-01
1.920000000000000000e+02,6.550267403685399170e-01,9.186574285119240013e-01
1.930000000000000000e+02,6.543083628148521624e-01,9.183689564428166863e-01
1.940000000000000000e+02,6.535908971727486527e-01,9.180794587229207382e-01
1.950000000000000000e+02,6.528743893729530567e-01,9.177889390541125181e-01
1.960000000000000000e+02,6.521588161241906878e-01,9.174974066380290338e-01
1.970000000000000000e+02,6.514441813346109056e-01,9.172048921012644351e-01
1.980000000000000000e+02,6.507305196770372113e-01,9.169114037275803986e-01
1.990000000000000000e+02,6.500177826670859860e-01,9.166169328555372475e-01
2.000000000000000000e+02,6.493059717823830290e-01,9.163215287556181199e-01
2.010000000000000000e+02,6.485950993704827638e-01,9.160252040905642046e-01
2.020000000000000000e+02,6.478851940858376679e-01,9.157279636522924759e-01
2.030000000000000000e+02,6.471761680121271842e-01,9.154298320882551243e-01
2.040000000000000000e+02,6.464680624029054412e-01,9.151308067315981898e-01
2.050000000000000000e+02,6.457609449514860600e-01,9.148309331465815930e-01
2.060000000000000000e+02,6.450547355884788114e-01,9.145302106016668375e-01
2.070000000000000000e+02,6.443494352450612750e-01,9.142286517517060895e-01
2.080000000000000000e+02,6.436450610063902955e-01,9.139262661320760595e-01
2.090000000000000000e+02,6.429416007585380122e-01,9.136230903848973073e-01
2.100000000000000000e+02,6.422390610091528451e-01,9.133191213496292260e-01
2.110000000000000000e+02,6.415374856507710666e-01,9.130143728800980130e-01
2.120000000000000000e+02,6.408368051319972558e-01,9.127088713042831314e-01
2.130000000000000000e+02,6.401370015134788538e-01,9.124026479441966764e-01
2.140000000000000000e+02,6.394381410121320330e-01,9.120956908341488756e-01
2.150000000000000000e+02,6.387402011066809493e-01,9.117880053047114908e-01
2.160000000000000000e+02,6.380431626663504163e-01,9.114796443834283224e-01
2.170000000000000000e+02,6.373470318155123326e-01,9.111706017218655917e-01
2.180000000000000000e+02,6.366518249259843776e-01,9.108609079479426107e-01
2.190000000000000000e+02,6.359575248952513693e-01,9.105505574831547211e-01
2.200000000000000000e+02,6.352640551010000358e-01,9.102395882540699201e-01
2.210000000000000000e+02,6.345716048662086717e-01,9.099279861502198585e-01
2.220000000000000000e+02,6.338800247659172049e-01,9.096157963992521633e-01
2.230000000000000000e+02,6.331892790861306519e-01,9.093030170859298655e-01
2.240000000000000000e+02,6.324994936621033403e-01,9.089896760377519369e-01
2.250000000000000000e+02,6.318105831767700797e-01,9.086757702561709671e-01
2.260000000000000000e+02,6.311225806611286959e-01,9.083613289823166959e-01
2.270000000000000000e+02,6.304354939222692744e-01,9.080463679278358846e-01
2.280000000000000000e+02,6.297492928030957726e-01,9.077308785789258705e-01
2.290000000000000000e+02,6.290639423634258875e-01,9.074149092567632691e-01
2.300000000000000000e+02,6.283795193104104726e-01,9.070984681596141463e-01
2.310000000000000000e+02,6.276959596629406724e-01,9.067815271175519998e-01
2.320000000000000000e+02,6.270132826487174738e-01,9.064641527556080991e-01
2.330000000000000000e+02,6.263315009713487092e-01,9.061463201572691473e-01
2.340000000000000000e+02,6.256506503307517342e-01,9.058280642031164565e-01
2.350000000000000000e+02,6.249706237357690597e-01,9.055094065492975686e-01
2.360000000000000000e+02,6.242915445698532517e-01,9.051903407193817586e-01
2.370000000000000000e+02,6.236132906876825643e-01,9.048708878234773545e-01
2.380000000000000000e+02,6.229358866009186979e-01,9.045510582930660348e-01
2.390000000000000000e+02,6.222594331523019218e-01,9.042308812747514857e-01
2.400000000000000000e+02,6.215838194338545453e-01,9.039103233285892269e-01
2.410000000000000000e+02,6.209090798780230180e-01,9.035894435128569713e-01
2.420000000000000000e+02,6.202352076802738479e-01,9.032682314664244316e-01
2.430000000000000000e+02,6.195622566199598946e-01,9.029467189029306562e-01
2.440000000000000000e+02,6.188901391237067173e-01,9.026248889181905932e-01
2.450000000000000000e+02,6.182188732883201476e-01,9.023027595830787062e-01
2.460000000000000000e+02,6.175485169007643993e-01,9.019803705295363905e-01
2.470000000000000000e+02,6.168790371100569825e-01,9.016577000841018430e-01
2.480000000000000000e+02,6.162103637802762712e-01,9.013347807969056547e-01
2.490000000000000000e+02,6.155425966983655295e-01,9.010116059339604577e-01
2.500000000000000000e+02,6.148756850995786838e-01,9.006882018403729040e-01
2.510000000000000000e+02,6.142096496246610693e-01,9.003645625850422718e-01
2.520000000000000000e+02,6.135444444950354237e-01,9.000407170114668176e-01
2.530000000000000000e+02,6.128801080873902407e-01,8.997166541775194482e-01
2.540000000000000000e+02,6.122166671107823754e-01,8.993923854433439891e-01
2.550000000000000000e+02,6.115540102696767066e-01,8.990679437587247858e-01
2.560000000000000000e+02,6.108922660129241233e-01,8.987433455082490807e-01
2.570000000000000000e+02,6.102313643522971898e-01,8.984185588222156627e-01
2.580000000000000000e+02,6.095713313602313388e-01,8.980936159237314920e-01
2.590000000000000000e+02,6.089121405233800521e-01,8.977685194749984721e-01
2.600000000000000000e+02,6.082537896846373915e-01,8.974432694740599459e-01
2.610000000000000000e+02,6.075963139011735237e-01,8.971178797649907999e-01
2.620000000000000000e+02,6.069396133541233862e-01,8.967923708772688185e-01
2.630000000000000000e+02,6.062838535551998698e-01,8.964667405231513397e-01
2.640000000000000000e+02,6.056289119289529621e-01,8.961410058430562264e-01
2.650000000000000000e+02,6.049748044417460058e-01,8.958151697809939584e-01
2.660000000000000000e+02,6.043215279283874475e-01,8.954892290766024443e-01
2.670000000000000000e+02,6.036691137727279166e-01,8.951632106039484338e-01
2.680000000000000000e+02,6.030175595783754394e-01,8.948371056354172959e-01
2.690000000000000000e+02,6.023668123404705144e-01,8.945109291889609127e-01
2.700000000000000000e+02,6.017169243765044806e-01,8.941846794626090444e-01
2.710000000000000000e+02,6.010678823927061432e-01,8.938583675482997259e-01
2.720000000000000000e+02,6.004196407075356179e-01,8.935320084928773943e-01
2.730000000000000000e+02,5.997722389655165687e-01,8.932055944326335872e-01
2.740000000000000000e+02,5.991256965409523794e-01,8.928791288115779379e-01
2.750000000000000000e+02,5.984800000401748754e-01,8.925526573033589761e-01
2.760000000000000000e+02,5.978351355718558580e-01,8.922261503151417417e-01
2.770000000000000000e+02,5.971910477409173579e-01,8.918995988336422265e-01
2.780000000000000000e+02,5.965477993805461399e-01,8.915730349617110306e-01
2.790000000000000000e+02,5.959054114651616274e-01,8.912464732600462458e-01
2.800000000000000000e+02,5.952638650100068318e-01,8.909199112541406063e-01
2.810000000000000000e+02,5.946231175968885729e-01,8.905933343701637472e-01
2.820000000000000000e+02,5.939832184170371621e-01,8.902667696797775809e-01
2.830000000000000000e+02,5.933441225483174764e-01,8.899402179869129181e-01
2.840000000000000000e+02,5.927058762430289507e-01,8.896136697074124022e-01
2.850000000000000000e+02,5.920684470614187012e-01,8.892871613394049968e-01
2.860000000000000000e+02,5.914318176746462541e-01,8.889606669147207541e-01
2.870000000000000000e+02,5.907960083811313323e-01,8.886341998043244539e-01
2.880000000000000000e+02,5.901610311682873311e-01,8.883077751754859808e-01
2.890000000000000000e+02,5.895269109885848957e-01,8.879813944964873862e-01
2.900000000000000000e+02,5.888935876925747159e-01,8.876550414187716065e-01
2.910000000000000000e+02,5.882610292889199899e-01,8.873287465159225285e-01
2.920000000000000000e+02,5.876293577134013013e-01,8.870025228405185036e-01
2.930000000000000000e+02,5.869984370324995426e-01,8.866763340550232186e-01
2.940000000000000000e+02,5.863683754516904045e-01,8.863501977036286616e-01
2.950000000000000000e+02,5.857391103292338697e-01,8.860241288346849542e-01
2.960000000000000000e+02,5.851106406523208792e-01,8.856981352186216183e-01
2.970000000000000000e+02,5.844830315124827091e-01,8.853722103390936349e-01
2.980000000000000000e+02,5.838561661280258219e-01,8.850463582398561124e-01
2.990000000000000000e+02,5.832301674040730743e-01,8.847205799102527690e-01
3.000000000000000000e+02,5.826049681960243642e-01,8.843948981053439962e-01
3.010000000000000000e+02,5.819805064889532753e-01,8.840692904086351334e-01
3.020000000000000000e+02,5.813569482126876853e-01,8.837437739651992086e-01
3.030000000000000000e+02,5.807341595269974732e-01,8.834183636797259265e-01
3.040000000000000000e+02,5.801121717580961512e-01,8.830930494553896892e-01
3.050000000000000000e+02,5.794909561447917357e-01,8.827678294650931345e-01
3.060000000000000000e+02,5.788705590949400070e-01,8.824427385640728483e-01
3.070000000000000000e+02,5.782509813042668867e-01,8.821177333005116861e-01
3.080000000000000000e+02,5.776322229431289923e-01,8.817928509654775482e-01
3.090000000000000000e+02,5.770142189174908287e-01,8.814680785805468766e-01
3.100000000000000000e+02,5.763970156581738058e-01,8.811434208389712364e-01
3.110000000000000000e+02,5.757806523512464247e-01,8.808188849691391820e-01
3.120000000000000000e+02,5.751650622383966960e-01,8.804944637934338791e-01
3.130000000000000000e+02,5.745502541351770187e-01,8.801701714843820357e-01
3.140000000000000000e+02,5.739362862115146013e-01,8.798459992217122494e-01
3.150000000000000000e+02,5.733230405074434266e-01,8.795219500871079843e-01
3.160000000000000000e+02,5.727106709403121387e-01,8.791980413054260035e-01
3.170000000000000000e+02,5.720990424452153666e-01,8.788742576612746937e-01
3.180000000000000000e+02,5.714882184285340339e-01,8.785506235147705345e-01
3.190000000000000000e+02,5.708781986111937101e-01,8.782271329819897332e-01
3.200000000000000000e+02,5.702689230352722127e-01,8.779037857283328306e-01
3.210000000000000000e+02,5.696605075412626285e-01,8.775805646145946604e-01
3.220000000000000000e+02,5.690527995425618268e-01,8.772575220162109888e-01
3.230000000000000000e+02,5.684459345776372574e-01,8.769346289900699087e-01
3.240000000000000000e+02,5.678398056425681961e-01,8.766118888762342021e-01
3.250000000000000000e+02,5.672345185509698462e-01,8.762893073641636610e-01
3.260000000000000000e+02,5.666300042487616428e-01,8.759668680775203331e-01
3.270000000000000000e+02,5.660262480861989465e-01,8.756446077202102440e-01
3.280000000000000000e+02,5.654232839630346508e-01,8.753225153041589435e-01
3.290000000000000000e+02,5.648211502175077836e-01,8.750005707866912452e-01
3.300000000000000000e+02,5.642197271494591160e-01,8.746788154301892160e-01
3.310000000000000000e+02,5.636191694170503697e-01,8.743572072538183804e-01
3.320000000000000000e+02,5.630192824145903163e-01,8.740357771370419471e-01
3.330000000000000000e+02,5.624202624127763173e-01,8.737145313835709137e-01
3.340000000000000000e+02,5.618219717243325695e-01,8.733934623725796431e-01
3.350000000000000000e+02,5.612245178466452877e-01,8.730725488999120376e-01
3.360000000000000000e+02,5.606277840150921676e-01,8.727518022549781707e-01
3.370000000000000000e+02,5.600318419224550315e-01,8.724312567821002062e-01
3.380000000000000000e+02,5.594367215355044998e-01,8.721108961807512161e-01
3.390000000000000000e+02,5.588423103435024020e-01,8.717906954533424235e-01
3.400000000000000000e+02,5.582487113059163564e-01,8.714706870912670711e-01
3.410000000000000000e+02,5.576558831471182254e-01,8.711508658817405104e-01
3.420000000000000000e+02,5.570637724055131912e-01,8.708312289855520971e-01
3.430000000000000000e+02,5.564724687615495435e-01,8.705117885760227381e-01
3.440000000000000000e+02,5.558819453565375657e-01,8.701925199703853808e-01
3.450000000000000000e+02,5.552921935747417992e-01,8.698734526164921821e-01
3.460000000000000000e+02,5.547031984738852728e-01,8.695545851856955055e-01
3.470000000000000000e+02,5.541149927176988177e-01,8.692358987322649222e-01
3.480000000000000000e+02,5.535275845317810806e-01,8.689174292302377367e-01
3.490000000000000000e+02,5.529408826663541054e-01,8.685991556254230028e-01
3.500000000000000000e+02,5.523550030687838230e-01,8.682810791019043295e-01
3.510000000000000000e+02,5.517698476740843239e-01,8.679631993081754482e-01
3.520000000000000000e+02,5.511854674506063700e-01,8.676455181403102124e-01
3.530000000000000000e+02,5.506018590609358387e-01,8.673280564397033432e-01
3.540000000000000000e+02,5.500189904330468060e-01,8.670107767366919127e-01
3.550000000000000000e+02,5.494369177495560530e-01,8.666937171160747910e-01
3.560000000000000000e+02,5.488555863594364315e-01,8.663768557766869938e-01
3.570000000000000000e+02,5.482750535601825792e-01,8.660602086487610984e-01
3.580000000000000000e+02,5.476952549924437585e-01,8.657437903573786953e-01
3.590000000000000000e+02,5.471162003033599452e-01,8.654275736252410312e-01
3.600000000000000000e+02,5.465379225619392267e-01,8.651115648996753338e-01
3.610000000000000000e+02,5.459604090500383977e-01,8.647957847830277656e-01
3.620000000000000000e+02,5.453836768402839930e-01,8.644802220691949479e-01
3.630000000000000000e+02,5.448077151536394602e-01,8.641648841883112775e-01
3.640000000000000000e+02,5.442324600475699770e-01,8.638497562890574688e-01
3.650000000000000000e+02,5.436579568931108053e-01,8.635348281189353381e-01
3.660000000000000000e+02,5.430842583631028120e-01,8.632201519245142896e-01
3.670000000000000000e+02,5.425112693154274801e-01,8.629056808624353536e-01
3.680000000000000000e+02,5.419390875224856519e-01,8.625914415033906213e-01
3.690000000000000000e+02,5.413676049579451144e-01,8.622774222780693609e-01
3.700000000000000000e+02,5.407969172316431372e-01,8.619636021143496363e-01
3.710000000000000000e+02,5.402269667836488987e-01,8.616500382544851622e-01
3.720000000000000000e+02,5.396577846607882867e-01,8.613366960544064366e-01
3.730000000000000000e+02,5.390893340716206295e-01,8.610235559976272546e-01
3.740000000000000000e+02,5.385216455873126362e-01,8.607106760903967535e-01
3.750000000000000000e+02,5.379547033724066951e-01,8.603979969720132459e-01
3.760000000000000000e+02,5.373885424154882795e-01,8.600855555787939588e-01
3.770000000000000000e+02,5.368231047778690979e-01,8.597733664123901054e-01
3.780000000000000000e+02,5.362584101275021942e-01,8.594613846788576872e-01
3.790000000000000000e+02,5.356944815185206155e-01,8.591496600317012344e-01
3.800000000000000000e+02,5.351312797841975000e-01,8.588381579941134492e-01
3.810000000000000000e+02,5.345688622830430115e-01,8.585269029659610140e-01
3.820000000000000000e+02,5.340071669000210353e-01,8.582158853336707693e-01
3.830000000000000000e+02,5.334462336800709359e-01,8.579050957341546324e-01
3.840000000000000000e+02,5.328860205664289751e-01,8.575945336349626302e-01
3.850000000000000000e+02,5.323266311855846533e-01,8.572842097293598140e-01
3.860000000000000000e+02,5.317678513660234474e-01,8.569741477631088733e-01
3.870000000000000000e+02,5.312098995809766411e-01,8.566643056385581101e-01
3.880000000000000000e+02,5.306527054617319328e-01,8.563547227304277865e-01
3.890000000000000000e+02,5.300962783151591529e-01,8.560453591111945038e-01
3.900000000000000000e+02,5.295405017418045590e-01,8.557362668138357442e-01
3.910000000000000000e+02,5.289855444961504283e-01,8.554274142649191948e-01
3.920000000000000000e+02,5.284312894623914847e-01,8.551187955167373067e-01
3.930000000000000000e+02,5.278778079174888394e-01,8.548104207132557475e-01
3.940000000000000000e+02,5.273250348362710227e-01,8.545023009093125621e-01
3.950000000000000000e+02,5.267730661502456613e-01,8.541944270103694059e-01
3.960000000000000000e+02,5.262217653694405417e-01,8.538867951424091718e-01
3.970000000000000000e+02,5.256712507530795220e-01,8.535794095226995060e-01
3.980000000000000000e+02,5.251214417844478621e-01,8.532722798706219303e-01
3.990000000000000000e+02,5.245724285491718542e-01,8.529653888385684279e-01
4.000000000000000000e+02,5.240240875008302934e-01,8.526587566422395570e-01
4.010000000000000000e+02,5.234765271670943632e-01,8.523523718580460207e-01
4.020000000000000000e+02,5.229296815058304126e-01,8.520462318509327559e-01
4.030000000000000000e+02,5.223836043703492527e-01,8.517403526517849377e-01
4.040000000000000000e+02,5.218382473490382756e-01,8.514347355143606633e-01
4.050000000000000000e+02,5.212936521841120552e-01,8.511293710543681446e-01
4.060000000000000000e+02,5.207497508852224621e-01,8.508242789875110068e-01
4.070000000000000000e+02,5.202065830622893960e-01,8.505194199509166220e-01
4.080000000000000000e+02,5.196641748674664107e-01,8.502148253431173197e-01
4.090000000000000000e+02,5.191225037914203311e-01,8.499104898977998257e-01
4.100000000000000000e+02,5.185815703552042466e-01,8.496064254101834967e-01
4.110000000000000000e+02,5.180413796266147841e-01,8.493026131164486126e-01
4.120000000000000000e+02,5.175018772940839229e-01,8.489990447788463568e-01
4.130000000000000000e+02,5.169631622572663510e-01,8.486957652217671511e-01
4.140000000000000000e+02,5.164251233726114831e-01,8.483927173229328655e-01
4.150000000000000000e+02,5.158878625538474427e-01,8.480899433390577391e-01
4.160000000000000000e+02,5.153513396491286036e-01,8.477874206351578845e-01
4.170000000000000000e+02,5.148155018667556204e-01,8.474851686374340609e-01
4.180000000000000000e+02,5.142804511893285246e-01,8.471831687723480053e-01
4.190000000000000000e+02,5.137461135463964323e-01,8.468814385009769685e-01
4.200000000000000000e+02,5.132124488189531153e-01,8.465799789644652407e-01
4.210000000000000000e+02,5.126796172217679137e-01,8.462787907760178641e-01
4.220000000000000000e+02,5.121474585772357591e-01,8.459778678587739353e-01
4.230000000000000000e+02,5.116160120254144017e-01,8.456771838779416628e-01
4.240000000000000000e+02,5.110853059590033665e-01,8.453767974824195619e-01
4.250000000000000000e+02,5.105553718653812467e-01,8.450766654339946227e-01
4.260000000000000000e+02,5.100261400664940492e-01,8.447768010942228178e-01
4.270000000000000000e+02,5.094976654122397308e-01,8.444771992344023426e-01
4.280000000000000000e+02,5.089698668850372032e-01,8.441778820729622934e-01
4.290000000000000000e+02,5.084427887549969327e-01,8.438788386684582532e-01
4.300000000000000000e+02,5.079164801285981357e-01,8.435800533512589627e-01
4.310000000000000000e+02,5.073909056044165755e-01,8.432815341266749476e-01
4.320000000000000000e+02,5.068660485674613136e-01,8.429833002576859746e-01
4.330000000000000000e+02,5.063418639555744560e-01,8.426853489090558869e-01
4.340000000000000000e+02,5.058184591346125414e-01,8.423876489713362226e-01
4.350000000000000000e+02,5.052957808090740022e-01,8.420902362250449746e-01
4.360000000000000000e+02,5.047737958959626070e-01,8.417930860757782963e-01
4.370000000000000000e+02,5.042525908798676237e-01,8.414962426742643720e-01
4.380000000000000000e+02,5.037320444545806408e-01,8.411996338243737936e-01
4.390000000000000000e+02,5.032122635751988815e-01,8.409033217695295326e-01
4.400000000000000000e+02,5.026931812646561193e-01,8.406072914957525288e-01
4.410000000000000000e+02,5.021748488283659384e-01,8.403115453244769384e-01
4.420000000000000000e+02,5.016572629302453734e-01,8.400160556900431175e-01
4.430000000000000000e+02,5.011403274076828840e-01,8.397208799685479397e-01
4.440000000000000000e+02,5.006241911535742606e-01,8.394259710747752345e-01
4.450000000000000000e+02,5.001087552512114565e-01,8.391313132450447521e-01
4.460000000000000000e+02,4.995940276592027995e-01,8.388369610875527904e-01
4.470000000000000000e+02,4.990800356834281803e-01,8.385428919307189588e-01
4.480000000000000000e+02,4.985667474204331095e-01,8.382490983565848985e-01
4.490000000000000000e+02,4.980541546756398485e-01,8.379555904049178494e-01
4.500000000000000000e+02,4.975423462253254492e-01,8.376623770610135411e-01
4.510000000000000000e+02,4.970311989291524846e-01,8.373694321519687955e-01
4.520000000000000000e+02,4.965208049907660626e-01,8.370767944271454430e-01
4.530000000000000000e+02,4.960111794525827178e-01,8.367844302362632547e-01
4.540000000000000000e+02,4.955021922203152740e-01,8.364923523502049152e-01
4.550000000000000000e+02,4.949939809495497167e-01,8.362005614958664124e-01
4.560000000000000000e+02,4.944864532659105638e-01,8.359090656732871549e-01
4.570000000000000000e+02,4.939796975117390909e-01,8.356178491968057065e-01
4.580000000000000000e+02,4.934736072837868082e-01,8.353269276058929993e-01
4.590000000000000000e+02,4.929682361113466027e-01,8.350363085713102818e-01
4.600000000000000000e+02,4.924635837300416208e-01,8.347459608510227058e-01
4.610000000000000000e+02,4.919597070893807489e-01,8.344559050950239865e-01
4.620000000000000000e+02,4.914564972909026830e-01,8.341661528570987194e-01
4.630000000000000000e+02,4.909539924689745871e-01,8.338766813279492318e-01
4.640000000000000000e+02,4.904522733530791156e-01,8.335875184595747944e-01
4.650000000000000000e+02,4.899512025837931550e-01,8.332986505093459284e-01
4.660000000000000000e+02,4.894509000336356719e-01,8.330100619968408004e-01
4.670000000000000000e+02,4.889513153605475337e-01,8.327217877055795858e-01
4.680000000000000000e+02,4.884524182869124931e-01,8.324337968854768066e-01
4.690000000000000000e+02,4.879542369484454190e-01,8.321460984712506503e-01
4.700000000000000000e+02,4.874567766953784020e-01,8.318587051379735531e-01
4.710000000000000000e+02,4.869600490060460030e-01,8.315715948842741234e-01
4.720000000000000000e+02,4.864640020161630218e-01,8.312847959645903728e-01
4.730000000000000000e+02,4.859687105727102940e-01,8.309982948553317206e-01
4.740000000000000000e+02,4.854740961226245433e-01,8.307121015720670965e-01
4.750000000000000000e+02,4.849802215548891238e-01,8.304262062093501484e-01
4.760000000000000000e+02,4.844871105175895809e-01,8.301406040032596190e-01
4.770000000000000000e+02,4.839946278727481621e-01,8.298553133662257553e-01
4.780000000000000000e+02,4.835029023946625371e-01,8.295703244034297041e-01
4.790000000000000000e+02,4.830119217526188113e-01,8.292856312796521578e-01
4.800000000000000000e+02,4.825216190071300315e-01,8.290012625509143307e-01
4.810000000000000000e+02,4.820320260925799460e-01,8.287171775335416823e-01
4.820000000000000000e+02,4.815431454765029540e-01,8.284333920198465595e-01
4.830000000000000000e+02,4.810549493046316627e-01,8.281499407599314244e-01
4.840000000000000000e+02,4.805675664633413668e-01,8.278668001071503024e-01
4.850000000000000000e+02,4.800808276718395162e-01,8.275839502539887871e-01
4.860000000000000000e+02,4.795948205481237459e-01,8.273014211323397316e-01
4.870000000000000000e+02,4.791095294261421556e-01,8.270191834083578941e-01
4.880000000000000000e+02,4.786249271190199384e-01,8.267372632351331907e-01
4.890000000000000000e+02,4.781410550020920858e-01,8.264556645955594139e-01
4.900000000000000000e+02,4.776579085026066984e-01,8.261743650796324889e-01
4.910000000000000000e+02,4.771754602879188512e-01,8.258933877210502539e-01
4.920000000000000000e+02,4.766937142674663730e-01,8.256127128451775654e-01
4.930000000000000000e+02,4.762127285956555545e-01,8.253323556837023345e-01
4.940000000000000000e+02,4.757324345600514315e-01,8.250523160512128751e-01
4.950000000000000000e+02,4.752528272432969825e-01,8.247726044100616161e-01
4.960000000000000000e+02,4.747739195051795535e-01,8.244931901834798849e-01
4.970000000000000000e+02,4.742957682959659249e-01,8.242141114487927522e-01
4.980000000000000000e+02,4.738182899169607332e-01,8.239353420172369491e-01
4.990000000000000000e+02,4.733415611098076292e-01,8.236568988757220211e-01
5.010000000000000000e+02,4.728655260347643940e-01,8.236568988757220211e-01
5.020000000000000000e+02,4.105563559489048830e-01,7.930507519274219153e-01
5.030000000000000000e+02,2.757026501887847036e+00,7.832106319738366684e-01
5.040000000000000000e+02,4.096754358154245934e-01,7.771151976367411951e-01
5.050000000000000000e+02,3.962043239621080848e-01,7.841695870310959604e-01
5.060000000000000000e+02,3.714559765537843727e-01,7.653987803954059865e-01
5.070000000000000000e+02,3.502838556721096785e-01,7.625551618954756750e-01
5.080000000000000000e+02,3.404017528569246442e-01,7.626057265151744424e-01
5.090000000000000000e+02,3.156839376876829362e-01,7.922582855249741263e-01
5.100000000000000000e+02,3.054192133082635485e-01,8.315253787257386175e-01
5.110000000000000000e+02,3.001063255136267593e-01,9.432714199578506875e-01
5.120000000000000000e+02,2.920775907514318592e-01,9.724881291053218968e-01
5.130000000000000000e+02,2.895610692941349984e-01,9.571486878775710139e-01
5.140000000000000000e+02,2.847772556230718788e-01,9.531258420530970277e-01
5.150000000000000000e+02,2.810082810735432535e-01,9.074143509264712693e-01
5.160000000000000000e+02,2.735989359894318573e-01,9.018475183055416622e-01
5.170000000000000000e+02,2.516773560803836629e-01,8.922700354280918011e-01
5.180000000000000000e+02,2.152522024157251523e-01,9.336105198881715639e-01
5.190000000000000000e+02,1.886093366652744630e-01,9.922238382479549035e-01
5.200000000000000000e+02,1.627045750554620140e-01,1.072676664048028305e+00
5.210000000000000000e+02,1.508986540458601422e-01,1.197711405029487253e+00
5.220000000000000000e+02,1.439234136937220243e-01,1.193267534135088237e+00
5.230000000000000000e+02,1.333452184337158286e-01,1.216500888882729337e+00
5.240000000000000000e+02,1.319471853900696934e-01,1.177701339524705126e+00
5.250000000000000000e+02,1.285486800172680744e-01,1.177756742448515137e+00
5.260000000000000000e+02,1.282520420168645203e-01,1.170858162523252588e+00
5.270000000000000000e+02,1.275562701632788343e-01,1.156071523414358815e+00
5.280000000000000000e+02,1.260611188441841113e-01,1.143822662426708714e+00
5.290000000000000000e+02,1.226325296327075570e-01,1.141630778043357886e+00
5.300000000000000000e+02,1.181519006656866488e-01,1.182208452217810013e+00
5.310000000000000000e+02,1.138244442902011377e-01,1.270091716831686979e+00
5.320000000000000000e+02,1.113990926683257887e-01,1.321171762516722969e+00
5.330000000000000000e+02,1.100736764868288781e-01,1.352765539031240083e+00
5.340000000000000000e+02,1.078504229276611853e-01,1.371667185990559146e+00
5.350000000000000000e+02,1.062478513688828036e-01,1.393791720229909048e+00
5.360000000000000000e+02,1.053720907059591677e-01,1.371810025759558238e+00
5.370000000000000000e+02,1.050881408211006285e-01,1.362916743635956607e+00
5.380000000000000000e+02,1.047559829792819169e-01,1.360761808188480027e+00
5.390000000000000000e+02,1.036791201954424535e-01,1.374205859477201086e+00
5.400000000000000000e+02,1.027967736643354835e-01,1.387998626284246750e+00
5.410000000000000000e+02,1.016608611630583914e-01,1.409007627144297503e+00
5.420000000000000000e+02,1.012577872591430977e-01,1.404573924752420488e+00
5.430000000000000000e+02,1.011331750427862386e-01,1.407780777998246524e+00
5.440000000000000000e+02,1.010409216419240058e-01,1.404841844711853582e+00
5.450000000000000000e+02,1.007714499668507790e-01,1.399236570686826608e+00
5.460000000000000000e+02,1.001437824393175691e-01,1.392145762129884057e+00
5.470000000000000000e+02,9.878172260919722281e-02,1.384262353374418719e+00
5.480000000000000000e+02,9.670624548572379076e-02,1.382643018712397254e+00
5.490000000000000000e+02,9.402034665676903269e-02,1.401734819791004671e+00
5.500000000000000000e+02,9.233120049105798810e-02,1.452314182069219806e+00
5.510000000000000000e+02,9.128596378782116716e-02,1.483999146472497310e+00
5.520000000000000000e+02,9.087538058456461065e-02,1.493290952135921890e+00
5.530000000000000000e+02,9.039452318002749731e-02,1.500935264591786833e+00
5.540000000000000000e+02,8.881145664280362673e-02,1.518962319916793424e+00
5.550000000000000000e+02,8.516645798630724518e-02,1.543123751356513917e+00
5.560000000000000000e+02,8.018904636182611068e-02,1.579496790226604164e+00
5.570000000000000000e+02,8.334818978519423216e-02,1.628329438282007491e+00
5.580000000000000000e+02,7.837848539645944634e-02,1.600004058006868179e+00
5.590000000000000000e+02,7.922678842217922845e-02,1.594593107987968272e+00
5.600000000000000000e+02,7.646178537747576331e-02,1.597974016628292304e+00
5.610000000000000000e+02,7.595147454631623329e-02,1.614755770360369214e+00
5.620000000000000000e+02,7.571330714648916160e-02,1.621901953902707749e+00
5.630000000000000000e+02,7.529384329191979308e-02,1.632545570292059933e+00
5.640000000000000000e+02,7.384423167226783491e-02,1.670111826060027393e+00
5.650000000000000000e+02,7.182978708394180400e-02,1.747555677240267613e+00
5.660000000000000000e+02,7.006883884946853158e-02,1.769678826600611599e+00
5.670000000000000000e+02,6.825884170632964820e-02,1.723563946790752865e+00
5.680000000000000000e+02,6.749723909685662049e-02,1.736268619820591885e+00
5.690000000000000000e+02,6.721584446030950954e-02,1.747964703097538042e+00
5.700000000000000000e+02,6.704462621400375522e-02,1.748851110421873800e+00
5.710000000000000000e+02,6.655397217369984908e-02,1.745374584847933175e+00
5.720000000000000000e+02,6.605087032773976352e-02,1.734605344434759111e+00
5.730000000000000000e+02,6.556642388457034620e-02,1.728358742736286535e+00
5.740000000000000000e+02,6.521668711894514081e-02,1.728818766988353905e+00
5.750000000000000000e+02,6.479767721775402112e-02,1.748023939806056859e+00
5.760000000000000000e+02,6.462197659136330319e-02,1.757789834422203601e+00
5.770000000000000000e+02,6.445223785243266168e-02,1.765476897787999544e+00
5.780000000000000000e+02,6.400524641505529744e-02,1.779757753811967547e+00
5.790000000000000000e+02,6.338114298247145284e-02,1.796064090829843751e+00
5.800000000000000000e+02,6.269049261218709312e-02,1.796661462975464474e+00
5.810000000000000000e+02,6.217703878399202799e-02,1.787171636337030467e+00
5.820000000000000000e+02,6.189282123967190102e-02,1.774637997870885497e+00
5.830000000000000000e+02,6.155645977485738052e-02,1.771565147474817081e+00
5.840000000000000000e+02,6.089187867134298465e-02,1.773748251252195374e+00
5.850000000000000000e+02,6.019732401660931459e-02,1.788459210232469898e+00
5.860000000000000000e+02,5.945410343358106808e-02,1.819017814339437988e+00
5.870000000000000000e+02,5.925661706445131682e-02,1.838824409803246240e+00
5.880000000000000000e+02,5.914659482670869828e-02,1.844871251965874759e+00
5.890000000000000000e+02,5.902454176408625242e-02,1.844755983080390127e+00
5.900000000000000000e+02,5.878760032887856563e-02,1.845555064613279228e+00
5.910000000000000000e+02,5.846041137409097033e-02,1.841530180859697996e+00
5.920000000000000000e+02,5.850893160728277975e-02,1.858061993346155738e+00
5.930000000000000000e+02,5.829054687157571996e-02,1.849512912517726981e+00
5.940000000000000000e+02,5.801666043623837643e-02,1.844480929302453776e+00
5.950000000000000000e+02,5.790977557544459836e-02,1.843446513573065326e+00
5.960000000000000000e+02,5.784126145799001195e-02,1.846444225628889546e+00
5.970000000000000000e+02,5.775610541537148229e-02,1.850131737720065894e+00
5.980000000000000000e+02,5.750631030454027293e-02,1.856032641080556322e+00
5.990000000000000000e+02,5.693750935184200418e-02,1.868533271821276154e+00
6.000000000000000000e+02,5.629910445409563868e-02,1.869192048138870632e+00
6.010000000000000000e+02,5.582610652986394473e-02,1.870293228268470331e+00
6.020000000000000000e+02,5.550163562930769678e-02,1.856550499332191517e+00
6.030000000000000000e+02,5.534885049574397864e-02,1.853680615405292942e+00
6.040000000000000000e+02,5.529822091143141161e-02,1.854971498222208748e+00
6.050000000000000000e+02,5.525913207318522424e-02,1.858510360325246857e+00
6.060000000000000000e+02,5.523203786687196776e-02,1.858899479926698461e+00
6.070000000000000000e+02,5.517815455341706227e-02,1.864973651767514395e+00
6.080000000000000000e+02,5.511354768860314557e-02,1.869754844997370435e+00
6.090000000000000000e+02,5.496546619867789113e-02,1.879883946332717937e+00
6.100000000000000000e+02,5.474501783859889170e-02,1.888127706383365911e+00
6.110000000000000000e+02,5.422079057681940262e-02,1.896662955393413341e+00
6.120000000000000000e+02,5.375666025103981172e-02,1.889655616655097514e+00
6.130000000000000000e+02,5.343019405272576849e-02,1.880719418405084609e+00
6.140000000000000000e+02,5.330502567559960991e-02,1.874278516756630264e+00
6.150000000000000000e+02,5.324771123591584554e-02,1.869877872928617624e+00
6.160000000000000000e+02,5.322214137819194363e-02,1.869932946073100899e+00
6.170000000000000000e+02,5.321435496086086153e-02,1.870223404287264080e+00
6.180000000000000000e+02,5.318204233348480109e-02,1.870617306364606103e+00
6.190000000000000000e+02,5.295576651308815663e-02,1.867681730201621759e+00
6.200000000000000000e+02,5.276348272353079127e-02,1.867317029840586340e+00
6.210000000000000000e+02,5.251332437269377179e-02,1.857091095531869573e+00
6.220000000000000000e+02,5.229041722894420263e-02,1.852495658939168122e+00
6.230000000000000000e+02,5.212851570269838586e-02,1.850518223047559641e+00
6.240000000000000000e+02,5.206407947495483857e-02,1.854970802149589426e+00
6.250000000000000000e+02,5.200348332613861924e-02,1.859303610708763266e+00
6.260000000000000000e+02,5.191888192114312017e-02,1.865503424442766178e+00
6.270000000000000000e+02,5.179998278840242110e-02,1.874783998313252376e+00
6.280000000000000000e+02,5.162113569366973131e-02,1.879431189718700823e+00
6.290000000000000000e+02,5.129860286944849801e-02,1.888746838162584485e+00
6.300000000000000000e+02,5.104315402671734392e-02,1.878810444883536102e+00
6.310000000000000000e+02,5.076253204950965936e-02,1.872141104684165835e+00
6.320000000000000000e+02,5.039606545703173568e-02,1.860426527649856387e+00
6.330000000000000000e+02,5.007247194672279078e-02,1.840013885812461281e+00
6.340000000000000000e+02,5.065800965147546076e-02,1.834421145816563126e+00
6.350000000000000000e+02,4.989975345913111315e-02,1.838448911924633000e+00
6.360000000000000000e+02,4.981961376768120897e-02,1.838470443939635102e+00
6.370000000000000000e+02,4.962059983713834610e-02,1.850539499629661577e+00
6.380000000000000000e+02,4.955592471583349090e-02,1.853568415673929159e+00
6.390000000000000000e+02,4.950010421551816198e-02,1.852071834738304945e+00
6.400000000000000000e+02,4.943979271666615327e-02,1.844832597983846689e+00
6.410000000000000000e+02,4.935645414020170541e-02,1.834858388575806298e+00
6.420000000000000000e+02,4.922862172294525246e-02,1.824054557058170989e+00
6.430000000000000000e+02,4.904528554836770637e-02,1.817615088880740748e+00
6.440000000000000000e+02,4.876576362997111364e-02,1.812925179254185393e+00
6.450000000000000000e+02,4.834735667996581387e-02,1.807621036744738729e+00
6.460000000000000000e+02,4.770431387046538546e-02,1.797243935610058907e+00
6.470000000000000000e+02,4.727473281761478824e-02,1.779479548523168475e+00
6.480000000000000000e+02,4.695878701787863096e-02,1.780624652427608590e+00
6.490000000000000000e+02,4.682147184508503313e-02,1.781938652614723173e+00
6.500000000000000000e+02,4.679672965988061067e-02,1.788408443650471469e+00
6.510000000000000000e+02,4.677476888161481716e-02,1.786987190766046396e+00
6.520000000000000000e+02,4.676043924425254961e-02,1.785542635254405930e+00
6.530000000000000000e+02,4.672681721886245282e-02,1.783062594715160598e+00
6.540000000000000000e+02,4.658918396839882570e-02,1.779006353298186349e+00
6.550000000000000000e+02,4.637832957933270966e-02,1.768376726051062553e+00
6.560000000000000000e+02,4.607571153735010028e-02,1.763308556846060693e+00
6.570000000000000000e+02,4.574021993074060821e-02,1.759263073779058884e+00
6.580000000000000000e+02,4.541813779247526328e-02,1.760275600896597625e+00
6.590000000000000000e+02,4.519777927251389382e-02,1.774642977481640793e+00
6.600000000000000000e+02,4.504322047301902859e-02,1.776978490708236880e+00
6.610000000000000000e+02,4.497237262414850723e-02,1.791021531901419772e+00
6.620000000000000000e+02,4.489976201911795306e-02,1.787069728466184726e+00
6.630000000000000000e+02,4.487140132768130396e-02,1.782901952466691364e+00
6.640000000000000000e+02,4.483995717167933714e-02,1.779998851741390720e+00
6.650000000000000000e+02,4.481503010142248028e-02,1.779059688035527609e+00
6.660000000000000000e+02,4.476671051114536337e-02,1.774166685072235516e+00
6.670000000000000000e+02,4.470248690736561281e-02,1.777453577498507631e+00
6.680000000000000000e+02,4.461730808977987239e-02,1.781225692322731202e+00
6.690000000000000000e+02,4.442978954684132648e-02,1.784537057937602311e+00
6.700000000000000000e+02,4.407983189671117741e-02,1.786524823367471759e+00
6.710000000000000000e+02,4.348736843289761206e-02,1.783288610145794761e+00
6.720000000000000000e+02,4.310495523553541097e-02,1.770242880834168808e+00
6.730000000000000000e+02,4.281619853533141090e-02,1.766734306241218633e+00
6.740000000000000000e+02,4.277536218086229469e-02,1.769400131562383072e+00
6.750000000000000000e+02,4.264411779341138742e-02,1.762549543995572288e+00
6.760000000000000000e+02,4.258452840784748838e-02,1.762361122678497427e+00
6.770000000000000000e+02,4.250687199710440067e-02,1.759949971199480823e+00
6.780000000000000000e+02,4.243238109793542878e-02,1.751567247049339526e+00
6.790000000000000000e+02,4.241032285600685597e-02,1.753267913650889964e+00
6.800000000000000000e+02,4.238550338598788547e-02,1.751968975543598761e+00
6.810000000000000000e+02,4.234976297603232354e-02,1.751461604174560094e+00
6.820000000000000000e+02,4.228285935869034035e-02,1.754487555433011936e+00
6.830000000000000000e+02,4.218806204521100001e-02,1.757136693716155440e+00
6.840000000000000000e+02,4.206123849969045647e-02,1.758415892080533727e+00
6.850000000000000000e+02,4.192041566688146925e-02,1.765701222588258235e+00
6.860000000000000000e+02,4.175455910958217332e-02,1.758698212653137416e+00
6.870000000000000000e+02,4.155269291224492068e-02,1.745559999078231783e+00
6.880000000000000000e+02,4.132533455403727962e-02,1.739138684693577241e+00
6.890000000000000000e+02,4.114578282078983074e-02,1.734578178262339065e+00
6.900000000000000000e+02,4.091982476040897931e-02,1.724102542815112660e+00
6.910000000000000000e+02,4.065478147643114548e-02,1.722277050419481093e+00
6.920000000000000000e+02,4.033044475613549451e-02,1.730815001237099304e+00
6.930000000000000000e+02,4.001734643227146393e-02,1.740669367566320069e+00
6.940000000000000000e+02,3.987642255295548166e-02,1.743718576101773499e+00
6.950000000000000000e+02,3.979037382327640232e-02,1.746069874258589838e+00
6.960000000000000000e+02,3.973413171991216353e-02,1.742837795833286574e+00
6.970000000000000000e+02,3.969730415550951075e-02,1.740453690282575128e+00
6.980000000000000000e+02,3.966616517538217035e-02,1.738382895654188909e+00
6.990000000000000000e+02,3.962138728411000038e-02,1.733178171301863468e+00
7.000000000000000000e+02,3.956949062927336142e-02,1.727358155609240553e+00
7.010000000000000000e+02,3.948937163915390569e-02,1.718318908507498577e+00
7.020000000000000000e+02,3.935982422519530843e-02,1.707992140443025386e+00
7.030000000000000000e+02,3.913687190220705575e-02,1.697977534942527233e+00
7.040000000000000000e+02,3.898343732710189691e-02,1.699410421221194456e+00
7.050000000000000000e+02,3.877616106152502462e-02,1.701613473879038496e+00
7.060000000000000000e+02,3.879284970205211514e-02,1.712076436076910957e+00
7.070000000000000000e+02,3.869542454968376288e-02,1.706635088417129964e+00
7.080000000000000000e+02,3.863835552368969500e-02,1.722720414415322310e+00
7.090000000000000000e+02,3.855519838708992841e-02,1.715817539311006223e+00
7.100000000000000000e+02,3.851094837118246988e-02,1.714203159110662789e+00
7.110000000000000000e+02,3.846063145134082789e-02,1.714716055186138455e+00
7.120000000000000000e+02,3.840286712348525699e-02,1.724247463445872874e+00
7.130000000000000000e+02,3.830600041101126646e-02,1.724159078041175741e+00
7.140000000000000000e+02,3.824421839158600317e-02,1.726522324326573488e+00
7.150000000000000000e+02,3.818036780577858252e-02,1.732197475333327796e+00
7.160000000000000000e+02,3.812896528754661229e-02,1.736031131089559976e+00
7.170000000000000000e+02,3.804746737328947026e-02,1.738968245806155721e+00
7.180000000000000000e+02,3.793883202590160597e-02,1.741707787122572570e+00
7.190000000000000000e+02,3.774729426992499970e-02,1.742182022996332957e+00
7.200000000000000000e+02,3.753126269045597291e-02,1.739799045319927906e+00
7.210000000000000000e+02,3.750368552930225668e-02,1.746955409675348792e+00
7.220000000000000000e+02,3.741524033894838563e-02,1.743619028749548328e+00
7.230000000000000000e+02,3.730471144789723748e-02,1.739812589266288789e+00
7.240000000000000000e+02,3.726325461072441114e-02,1.737733369717187060e+00
7.250000000000000000e+02,3.723568922556409755e-02,1.739908146467780581e+00
7.260000000000000000e+02,3.721281446340607424e-02,1.743158544524287201e+00
7.270000000000000000e+02,3.715392654685313600e-02,1.748527016748955276e+00
7.280000000000000000e+02,3.705471311735254736e-02,1.755198537265786340e+00
7.290000000000000000e+02,3.690141679712861944e-02,1.760885756084194842e+00
7.300000000000000000e+02,3.670392706742338362e-02,1.768335754165071938e+00
7.310000000000000000e+02,3.727468183203471591e-02,1.747235838404673558e+00
7.320000000000000000e+02,3.661267431154179020e-02,1.762681024629527471e+00
7.330000000000000000e+02,3.646978845239494393e-02,1.761053376019380945e+00
7.340000000000000000e+02,3.639220033395119958e-02,1.760327727072894088e+00
7.350000000000000000e+02,3.631834809896568317e-02,1.762170860162468822e+00
7.360000000000000000e+02,3.627245463506546808e-02,1.763381354667027168e+00
7.370000000000000000e+02,3.624659004636042459e-02,1.766048567994245033e+00
7.380000000000000000e+02,3.621325809005095792e-02,1.772515677070680251e+00
7.390000000000000000e+02,3.616528840031887904e-02,1.780343700981515953e+00
7.400000000000000000e+02,3.608551772945121916e-02,1.784915563304131370e+00
7.410000000000000000e+02,3.591602990240662374e-02,1.796560052074152036e+00
7.420000000000000000e+02,3.570492078239204808e-02,1.807562962721547262e+00
7.430000000000000000e+02,3.543343952774709316e-02,1.827194370875347751e+00
7.440000000000000000e+02,3.525687506227868917e-02,1.832050753964491685e+00
7.450000000000000000e+02,3.506781759462261616e-02,1.837853615691409592e+00
7.460000000000000000e+02,3.496373856314936163e-02,1.834190690490235198e+00
7.470000000000000000e+02,3.489411481303887619e-02,1.833919817845732325e+00
7.480000000000000000e+02,3.477863573711717504e-02,1.836277818536830475e+00
7.490000000000000000e+02,3.465574709747418908e-02,1.838504773531302705e+00
7.500000000000000000e+02,3.449395741739476329e-02,1.842937444522326773e+00
7.510000000000000000e+02,3.427803159994945170e-02,1.852205077790894938e+00
7.520000000000000000e+02,3.396000095572702937e-02,1.865264263385318921e+00
7.530000000000000000e+02,3.373267732726210194e-02,1.879841382642814196e+00
7.540000000000000000e+02,3.356258485352225929e-02,1.894841941873817159e+00
7.550000000000000000e+02,3.340700816054770900e-02,1.888509395046647832e+00
7.560000000000000000e+02,3.327982166509034501e-02,1.892181646039790888e+00
7.570000000000000000e+02,3.321443109890137579e-02,1.902599758666588814e+00
7.580000000000000000e+02,3.321406609631797485e-02,1.898770194904128017e+00
7.590000000000000000e+02,3.316820255329995526e-02,1.900696741588566274e+00
7.600000000000000000e+02,3.313416311738440201e-02,1.900370214967369353e+00
7.610000000000000000e+02,3.311164028598512221e-02,1.901517534898336192e+00
7.620000000000000000e+02,3.306988399839984327e-02,1.900794467838766266e+00
7.630000000000000000e+02,3.296072240460251601e-02,1.902232377143583397e+00
7.640000000000000000e+02,3.280515375829286262e-02,1.902330111626724385e+00
7.650000000000000000e+02,3.284162679627823656e-02,1.939270399044715321e+00
7.660000000000000000e+02,3.265158358968059393e-02,1.920550249543861110e+00
7.670000000000000000e+02,3.245574943075674179e-02,1.931653658803220708e+00
7.680000000000000000e+02,3.222169614077724509e-02,1.948869813740603973e+00
7.690000000000000000e+02,3.201781486777202645e-02,1.970165518937010196e+00
7.700000000000000000e+02,3.196702376245172394e-02,1.986650818895778325e+00
7.710000000000000000e+02,3.188663888850006012e-02,1.990337466377381626e+00
7.720000000000000000e+02,3.183607020959058898e-02,1.992630550186986538e+00
7.730000000000000000e+02,3.177917931090589593e-02,1.992823879572720003e+00
7.740000000000000000e+02,3.171376945944692077e-02,2.004863565174973328e+00
7.750000000000000000e+02,3.165033385641582986e-02,1.998690992891376750e+00
7.760000000000000000e+02,3.157165102800081613e-02,1.990779849807803981e+00
7.770000000000000000e+02,3.139275762657250252e-02,1.986573613286311879e+00
7.780000000000000000e+02,3.123775992334024143e-02,1.981330268206667578e+00
7.790000000000000000e+02,3.110580264533353498e-02,1.982991422450576691e+00
7.800000000000000000e+02,3.091935229395240126e-02,1.994551341970851377e+00
7.810000000000000000e+02,3.076149236535282577e-02,2.004262480531652901e+00
7.820000000000000000e+02,3.065281048359304317e-02,2.013590735328953940e+00
7.830000000000000000e+02,3.056060101988068017e-02,2.021670429816095460e+00
7.840000000000000000e+02,3.050150298080934672e-02,2.015905029431269924e+00
7.850000000000000000e+02,3.043316922870467969e-02,2.015258999395320050e+00
7.860000000000000000e+02,3.038069548895566685e-02,2.009430801827979174e+00
7.870000000000000000e+02,3.034768008904599468e-02,2.012691839020130491e+00
7.880000000000000000e+02,3.031818100133804733e-02,2.015749331702731961e+00
7.890000000000000000e+02,3.027493390191579592e-02,2.022860230040916640e+00
7.900000000000000000e+02,3.021694165223436090e-02,2.027421958684902492e+00
7.910000000000000000e+02,3.017770876141413761e-02,2.035367953246264072e+00
7.920000000000000000e+02,3.006122323904676652e-02,2.030869029489504651e+00
7.930000000000000000e+02,2.998572511885842784e-02,2.023459031702342870e+00
7.940000000000000000e+02,2.990034163883419777e-02,2.013613521195261935e+00
7.950000000000000000e+02,2.981025009134034842e-02,2.007288184265842546e+00
7.960000000000000000e+02,2.970290379515151680e-02,2.007346642789546109e+00
7.970000000000000000e+02,2.961560638809982576e-02,2.009183335845109220e+00
7.980000000000000000e+02,2.950314529495134952e-02,2.016203743434425100e+00
7.990000000000000000e+02,2.937656642908544752e-02,2.020336750907786971e+00
8.000000000000000000e+02,2.930412757807017085e-02,2.026875536595638572e+00
8.010000000000000000e+02,2.924987242427138159e-02,2.020167598368647788e+00
8.020000000000000000e+02,2.922271342351082102e-02,2.020587209700555054e+00
8.030000000000000000e+02,2.917634414804029866e-02,2.021846134643533244e+00
8.040000000000000000e+02,2.909596243569310264e-02,2.027159308053040121e+00
8.050000000000000000e+02,2.899303976387519743e-02,2.030585409631772364e+00
8.060000000000000000e+02,2.886659986627619981e-02,2.043243137925107700e+00
8.070000000000000000e+02,2.877875385486481502e-02,2.042978781730943272e+00
8.080000000000000000e+02,2.869401059165052614e-02,2.044009596442989629e+00
8.090000000000000000e+02,2.862270193980058844e-02,2.049038685345192956e+00
8.100000000000000000e+02,2.859071674825165721e-02,2.048049818115099896e+00
8.110000000000000000e+02,2.855005019999041355e-02,2.047321681414035588e+00
8.120000000000000000e+02,2.849901221534134610e-02,2.049919684428006761e+00
8.130000000000000000e+02,2.842609889069083393e-02,2.052233396359363304e+00
8.140000000000000000e+02,2.832366284238268042e-02,2.054273252899824875e+00
8.150000000000000000e+02,2.820172450543706466e-02,2.060355406613448181e+00
8.160000000000000000e+02,2.808846305467328081e-02,2.056903461070048955e+00
8.170000000000000000e+02,2.800251528525016936e-02,2.064191987581431853e+00
8.180000000000000000e+02,2.795116356667464580e-02,2.062787662688034818e+00
8.190000000000000000e+02,2.792956275166704264e-02,2.068868262042552697e+00
8.200000000000000000e+02,2.790187053668268316e-02,2.070596267947365288e+00
8.210000000000000000e+02,2.785962758223198277e-02,2.065130751362798112e+00
8.220000000000000000e+02,2.782562309967049133e-02,2.066922510587835049e+00
8.230000000000000000e+02,2.778752075372435681e-02,2.066879029501742515e+00
8.240000000000000000e+02,2.775243315888629991e-02,2.067853803093301135e+00
8.250000000000000000e+02,2.772569493540955748e-02,2.069031895678269617e+00
8.260000000000000000e+02,2.769323263948478969e-02,2.069896842036995643e+00
8.270000000000000000e+02,2.765359140001386398e-02,2.069849217189272395e+00
8.280000000000000000e+02,2.758725533739152247e-02,2.069889091065246323e+00
8.290000000000000000e+02,2.753310007904153506e-02,2.067802850546400339e+00
8.300000000000000000e+02,2.746972267637486781e-02,2.066671595279235163e+00
8.310000000000000000e+02,2.736093744218621310e-02,2.072020440428191890e+00
8.320000000000000000e+02,2.730831976504607267e-02,2.065643410113856770e+00
8.330000000000000000e+02,2.728165056736210972e-02,2.070240944967010055e+00
8.340000000000000000e+02,2.726181834322298492e-02,2.074209047692604280e+00
8.350000000000000000e+02,2.723992977229049844e-02,2.078508824838332991e+00
8.360000000000000000e+02,2.719640096887472255e-02,2.086262403593977410e+00
8.370000000000000000e+02,2.715906032886295993e-02,2.095534344494961232e+00
8.380000000000000000e+02,2.708031519907009438e-02,2.112269391507962890e+00
8.390000000000000000e+02,2.699441544242106583e-02,2.141682657796800449e+00
8.400000000000000000e+02,2.688388592948049924e-02,2.159754494958558535e+00
8.410000000000000000e+02,2.679450691199232459e-02,2.162277792298973988e+00
8.420000000000000000e+02,2.672960547529096981e-02,2.167885107622316010e+00
8.430000000000000000e+02,2.664807682175272807e-02,2.166498264428332376e+00
8.440000000000000000e+02,2.653080370816960146e-02,2.177780242772668018e+00
8.450000000000000000e+02,2.637695040272969998e-02,2.173021811681364213e+00
8.460000000000000000e+02,2.628976957669040132e-02,2.173481008318670415e+00
8.470000000000000000e+02,2.621796237100248311e-02,2.160536849019274008e+00
8.480000000000000000e+02,2.615786828348668630e-02,2.157195680790275460e+00
8.490000000000000000e+02,2.608551212099237751e-02,2.156609856635246292e+00
8.500000000000000000e+02,2.600992639949285118e-02,2.150450408644539291e+00
8.510000000000000000e+02,2.596281383335030668e-02,2.154606162089280463e+00
8.520000000000000000e+02,2.593487414455587087e-02,2.153264133554803283e+00
8.530000000000000000e+02,2.591355663922830649e-02,2.158406274968674321e+00
8.540000000000000000e+02,2.587803235729059168e-02,2.156506892893180982e+00
8.550000000000000000e+02,2.582402300088804115e-02,2.156983307169005659e+00
8.560000000000000000e+02,2.572364839940151013e-02,2.155285829545984466e+00
8.570000000000000000e+02,2.564208585438575508e-02,2.150242299389054867e+00
8.580000000000000000e+02,2.555724072355804871e-02,2.150609380055638731e+00
8.590000000000000000e+02,2.543083047912959860e-02,2.149738195148281239e+00
8.600000000000000000e+02,2.536111857512558798e-02,2.156237062525292014e+00
8.610000000000000000e+02,2.525110179517197490e-02,2.157918026292029001e+00
8.620000000000000000e+02,2.516920508623124095e-02,2.169170649894050840e+00
8.630000000000000000e+02,2.505661814498127971e-02,2.178687659951181743e+00
8.640000000000000000e+02,2.500059180773470460e-02,2.195109996489563731e+00
8.650000000000000000e+02,2.494817237231241464e-02,2.192305029312209719e+00
8.660000000000000000e+02,2.490280268147790008e-02,2.195167305397435875e+00
8.670000000000000000e+02,2.483003090113892336e-02,2.194122978062093665e+00
8.680000000000000000e+02,2.478344793974524701e-02,2.196215491970761047e+00
8.690000000000000000e+02,2.472725555105338702e-02,2.198516426581778482e+00
8.700000000000000000e+02,2.468187967573129415e-02,2.192169817777174678e+00
8.710000000000000000e+02,2.464059408321762901e-02,2.190572091189070036e+00
8.720000000000000000e+02,2.460276266092955091e-02,2.177825668696311112e+00
8.730000000000000000e+02,2.457004065371334173e-02,2.176051928473202057e+00
8.740000000000000000e+02,2.451081747173564085e-02,2.176076855859395920e+00
8.750000000000000000e+02,2.442414850815723820e-02,2.182669740763295341e+00
8.760000000000000000e+02,2.429625441202466068e-02,2.195286681599351475e+00
8.770000000000000000e+02,2.422767786526967143e-02,2.213216183490871014e+00
8.780000000000000000e+02,2.413984056102942699e-02,2.208875189188042043e+00
8.790000000000000000e+02,2.410442302016672228e-02,2.202579167362590518e+00
8.800000000000000000e+02,2.407168754131597255e-02,2.203409573491932338e+00
8.810000000000000000e+02,2.402527235259260818e-02,2.195116951352850343e+00
8.820000000000000000e+02,2.396982890704240157e-02,2.194193212895998890e+00
8.830000000000000000e+02,2.389813131594382967e-02,2.197423280349555696e+00
8.840000000000000000e+02,2.384069646015112703e-02,2.206194190676029621e+00
8.850000000000000000e+02,2.380809273781317459e-02,2.213791944883641172e+00
8.860000000000000000e+02,2.376715740579975894e-02,2.224936138198681856e+00
8.870000000000000000e+02,2.374909951638199540e-02,2.229450440458982108e+00
8.880000000000000000e+02,2.372215322144219027e-02,2.230814561717306965e+00
8.890000000000000000e+02,2.368183683062787676e-02,2.230295314760261771e+00
8.900000000000000000e+02,2.362794412755522822e-02,2.227878985124400746e+00
8.910000000000000000e+02,2.355668044804046235e-02,2.230200370685906819e+00
8.920000000000000000e+02,2.346304346921662676e-02,2.229924498044256964e+00
8.930000000000000000e+02,2.340334582937137614e-02,2.229606180951692718e+00
8.940000000000000000e+02,2.333063399326423121e-02,2.229434326151025658e+00
8.950000000000000000e+02,2.327879072999339966e-02,2.231410720217000598e+00
8.960000000000000000e+02,2.320473209123317948e-02,2.226452845229823119e+00
8.970000000000000000e+02,2.313908199260189535e-02,2.226301621328809599e+00
8.980000000000000000e+02,2.310116430310248797e-02,2.216650696985476898e+00
8.990000000000000000e+02,2.304980526388732132e-02,2.209916054002971197e+00
9.000000000000000000e+02,2.302765316639718979e-02,2.215130042932787369e+00
9.010000000000000000e+02,2.300706158929080244e-02,2.218333526767915842e+00
9.020000000000000000e+02,2.295457420141807162e-02,2.223451010783565884e+00
9.030000000000000000e+02,2.288615076325174053e-02,2.231716572018764388e+00
9.040000000000000000e+02,2.280902438612804686e-02,2.238070924768023495e+00
9.050000000000000000e+02,2.273365115865285530e-02,2.252412149628300941e+00
9.060000000000000000e+02,2.264778037047867482e-02,2.248783211726328446e+00
9.070000000000000000e+02,2.255648996764285028e-02,2.258625535154008546e+00
9.080000000000000000e+02,2.246054493044781844e-02,2.263894126886551117e+00
9.090000000000000000e+02,2.242575358544741937e-02,2.279871189441644574e+00
9.100000000000000000e+02,2.240110730224497554e-02,2.281839103435284954e+00
9.110000000000000000e+02,2.237519568352503568e-02,2.282526715792827510e+00
9.120000000000000000e+02,2.232850200610420055e-02,2.289323538274711467e+00
9.130000000000000000e+02,2.224733842139521578e-02,2.296146406389006689e+00
9.140000000000000000e+02,2.215621408945946114e-02,2.304823560886117395e+00
9.150000000000000000e+02,2.207031668700279795e-02,2.294945454029159837e+00
9.160000000000000000e+02,2.198540002903003748e-02,2.293369125095779726e+00
9.170000000000000000e+02,2.190725678253426303e-02,2.298943174183000426e+00
9.180000000000000000e+02,2.181615154807687446e-02,2.302490495752835375e+00
9.190000000000000000e+02,2.175349928813826578e-02,2.311864375973604169e+00
9.200000000000000000e+02,2.166360684395440134e-02,2.315916073539586506e+00
9.210000000000000000e+02,2.162471998896699221e-02,2.307838923904351525e+00
9.220000000000000000e+02,2.159104520597151383e-02,2.313237366022419472e+00
9.230000000000000000e+02,2.157078897350764995e-02,2.310807836481490796e+00
9.240000000000000000e+02,2.152224809984710358e-02,2.309928999506044356e+00
9.250000000000000000e+02,2.148869851102552797e-02,2.303823116989155206e+00
9.260000000000000000e+02,2.145511503650044532e-02,2.303336380738639999e+00
9.270000000000000000e+02,2.140912518821398366e-02,2.306540030103965133e+00
9.280000000000000000e+02,2.136296475215069060e-02,2.308172048387936215e+00
9.290000000000000000e+02,2.130033354785085264e-02,2.314908168650258169e+00
9.300000000000000000e+02,2.124800690651211868e-02,2.313206201068400247e+00
9.310000000000000000e+02,2.120820606655332563e-02,2.323205700735347268e+00
9.320000000000000000e+02,2.118069051501181299e-02,2.322776264020955495e+00
9.330000000000000000e+02,2.115114814659913717e-02,2.323277969866587522e+00
9.340000000000000000e+02,2.110868242427520886e-02,2.330945927943838925e+00
9.350000000000000000e+02,2.107048936585242949e-02,2.336022087955165638e+00
9.360000000000000000e+02,2.104539424371325990e-02,2.344591829772688207e+00
9.370000000000000000e+02,2.102338878810146999e-02,2.347647248367136008e+00
9.380000000000000000e+02,2.098429659207042691e-02,2.352104828664932423e+00
9.390000000000000000e+02,2.093519143802475765e-02,2.359478142987945226e+00
9.400000000000000000e+02,2.087494101950838898e-02,2.363944249882068860e+00
9.410000000000000000e+02,2.083470573930270436e-02,2.360983261312442849e+00
9.420000000000000000e+02,2.080327989331427069e-02,2.358452079245088928e+00
9.430000000000000000e+02,2.076531403879117860e-02,2.360713632427583253e+00
9.440000000000000000e+02,2.071471846524405511e-02,2.358295057581868193e+00
9.450000000000000000e+02,2.066760332298717140e-02,2.366652014946565519e+00
9.460000000000000000e+02,2.060948332542837311e-02,2.358876691271027948e+00
9.470000000000000000e+02,2.057143871767706800e-02,2.358759562590206915e+00
9.480000000000000000e+02,2.052218310161641607e-02,2.359069881996087581e+00
9.490000000000000000e+02,2.048196643381106768e-02,2.360953618541748344e+00
9.500000000000000000e+02,2.042597231485055592e-02,2.359528597126284044e+00
9.510000000000000000e+02,2.036752033204234161e-02,2.357627392578409253e+00
9.520000000000000000e+02,2.029174019406489171e-02,2.352278636454453675e+00
9.530000000000000000e+02,2.025222701048025320e-02,2.348862147331045591e+00
9.540000000000000000e+02,2.020378249600063986e-02,2.351638124301103971e+00
9.550000000000000000e+02,2.016477654853955290e-02,2.354115943515575626e+00
9.560000000000000000e+02,2.012356959217576763e-02,2.359155668425633845e+00
9.570000000000000000e+02,2.008110973471889313e-02,2.359935892796745982e+00
9.580000000000000000e+02,2.000700547353890385e-02,2.356507281473390059e+00
9.590000000000000000e+02,1.992852027674573562e-02,2.358629130195729839e+00
9.600000000000000000e+02,1.985673103348929713e-02,2.347932822094521921e+00
9.610000000000000000e+02,1.978807189389064636e-02,2.340831573092270634e+00
9.620000000000000000e+02,1.974508205133429853e-02,2.333959148114061577e+00
9.630000000000000000e+02,1.972085810468534456e-02,2.326743274510665760e+00
9.640000000000000000e+02,1.969581697849789176e-02,2.323368111602428066e+00
9.650000000000000000e+02,1.964361957862361882e-02,2.317129767670979668e+00
9.660000000000000000e+02,1.958218300855723779e-02,2.310950443268721788e+00
9.670000000000000000e+02,1.951943140317608655e-02,2.309272106969435079e+00
9.680000000000000000e+02,1.953237841125577551e-02,2.311970447753264324e+00
9.690000000000000000e+02,1.946698119149024853e-02,2.310565845321200573e+00
9.700000000000000000e+02,1.940109828462716068e-02,2.297608904677514552e+00
9.710000000000000000e+02,1.936740385154759811e-02,2.300867899710863362e+00
9.720000000000000000e+02,1.933295608842876614e-02,2.298376627990005083e+00
9.730000000000000000e+02,1.930399688064566438e-02,2.293348384964082776e+00
9.740000000000000000e+02,1.924808159784911071e-02,2.286500727711149317e+00
9.750000000000000000e+02,1.918283303602658779e-02,2.281544470808300584e+00
9.760000000000000000e+02,1.913240802506264299e-02,2.281172319612185362e+00
9.770000000000000000e+02,1.907303356540963196e-02,2.283860569433240340e+00
9.780000000000000000e+02,1.903005845517317246e-02,2.282100931673947120e+00
9.790000000000000000e+02,1.898617570942668503e-02,2.283986515553984908e+00
9.800000000000000000e+02,1.894906768002441178e-02,2.283171765806038866e+00
9.810000000000000000e+02,1.893222683002399043e-02,2.280319048930368631e+00
9.820000000000000000e+02,1.891330324176826450e-02,2.279038889341839624e+00
9.830000000000000000e+02,1.889280859118101785e-02,2.277680885530266597e+00
9.840000000000000000e+02,1.887382463559419965e-02,2.274972026352089394e+00
9.850000000000000000e+02,1.882257638946704253e-02,2.277136911459877844e+00
9.860000000000000000e+02,1.879972103891497381e-02,2.280128985340895476e+00
9.870000000000000000e+02,1.876453231614110678e-02,2.286736902653786707e+00
9.880000000000000000e+02,1.874788581067504678e-02,2.287396032071886687e+00
9.890000000000000000e+02,1.871761243609253861e-02,2.293170984575132021e+00
9.900000000000000000e+02,1.869184861301753653e-02,2.291392041913411504e+00
9.910000000000000000e+02,1.865533658468401107e-02,2.291738079845856646e+00
9.920000000000000000e+02,1.862954976153705783e-02,2.292967624374967262e+00
9.930000000000000000e+02,1.860296146094538375e-02,2.289884028117102233e+00
9.940000000000000000e+02,1.857859326739806985e-02,2.291966391193748898e+00
9.950000000000000000e+02,1.855353182007851015e-02,2.293646149801739753e+00
9.960000000000000000e+02,1.851465762356997030e-02,2.294157949458927259e+00
9.970000000000000000e+02,1.845937992340284522e-02,2.291537769099393884e+00
9.980000000000000000e+02,1.839240035984929245e-02,2.291984402969383439e+00
9.990000000000000000e+02,1.831441837543010265e-02,2.287354060960328894e+00
1.000000000000000000e+03,1.824324056639954617e-02,2.287423217130039266e+00
